DROP TABLE IF EXISTS `personne`;
CREATE TABLE `personne` (
                            `id` int(11) NOT NULL AUTO_INCREMENT,
                            `nom_personne` varchar(255) CHARACTER SET utf8 COLLATE utf8_unicode_ci NOT NULL,
                            `prenom_personne` varchar(255) CHARACTER SET utf8 COLLATE utf8_unicode_ci NOT NULL,
                            `email` varchar(255) CHARACTER SET utf8 COLLATE utf8_unicode_ci NOT NULL,
                            `sexe` varchar(255) CHARACTER SET utf8 COLLATE utf8_unicode_ci NOT NULL,
                            `mot_passe` varchar(255) CHARACTER SET utf8 COLLATE utf8_unicode_ci NOT NULL,
                            `role` varchar(255) CHARACTER SET utf8 COLLATE utf8_unicode_ci NOT NULL,
                            PRIMARY KEY (`id`)
);

INSERT INTO `personne` VALUES (1,'Hassam','Kahina','kahina@gmail.com','2','test','admin'),(2,'Younsi','Zohir','zohir@indeed.fr','1','mdp','admin'),(3,'a','a','a','1','a','admin'),(4,'b','b','b','2','b','user'),(15,'DROGOU','Benoit','benoit@gmail.com','1','a','user'),(16,'Requillart','Louis','louis@gmail.com','1','mdp','user'),(17,'Drogou','Benoit','benoit.drogou@gmail.com','1','mdp','user');



DROP TABLE IF EXISTS `campus`;
CREATE TABLE `campus` (
                          `id` int(11) NOT NULL AUTO_INCREMENT,
                          `nom_campus` varchar(255) CHARACTER SET utf8 COLLATE utf8_unicode_ci NOT NULL,
                          `adresse_campus` varchar(255) CHARACTER SET utf8 COLLATE utf8_unicode_ci NOT NULL,
                          `ville` varchar(255) CHARACTER SET utf8 COLLATE utf8_unicode_ci NOT NULL,
                          `code_postal` int(11) NOT NULL,
                          PRIMARY KEY (`id`)
);

INSERT INTO `campus` VALUES (1,'HEI','13, rue de Toul','LILLE',59800),(2,'YNCREA','21 rue de Toul','LILLE',59800),(3,'ISA','2, rue Norbert Segard','LILLE',59800),(4,'ISEN','41, Boulevard Vauban','LILLE',59800);


DROP TABLE IF EXISTS `batiment`;
CREATE TABLE `batiment` (
                            `id` int(11) NOT NULL AUTO_INCREMENT,
                            `campus_id` int(11) NOT NULL,
                            `nom_batiment` varchar(255) CHARACTER SET utf8 COLLATE utf8_unicode_ci NOT NULL,
                            `adresse_batiment` varchar(255) CHARACTER SET utf8 COLLATE utf8_unicode_ci NOT NULL,
                            PRIMARY KEY (`id`),
                            FOREIGN KEY (`campus_id`) REFERENCES `campus` (`id`)
);

INSERT INTO `batiment` VALUES (1,1,'batiment hei','21 rue de toul'),(2,2,'batiment yncrea','bd vauban'),(3,2,'batiment Ensen','vauban'),(4,1,'Segard - HEI','rue Norbert Segard'),(5,1,'Toul - HEI','13, rue de Toul'),(6,1,'Prépa - HEI','31 bis rue Colbert'),(7,2,'Urbawood','58, AlléeMarie-Thérèse Vicot-Lermitte, 59000 Lille'),(8,3,'Segard - ISA','2, rue Norbert Segard'),(9,4,'Vauban - ISEN','41, Boulevard Vauban'),(10,2,'Adimaker','12, rue Norbert Segard');

DROP TABLE IF EXISTS `etage`;
CREATE TABLE `etage` (
                         `id` int(11) NOT NULL AUTO_INCREMENT,
                         `batiment_id` int(11) NOT NULL,
                         `nom_etage` varchar(255) CHARACTER SET utf8 COLLATE utf8_unicode_ci NOT NULL,
                         PRIMARY KEY (`id`),
                         FOREIGN KEY (`batiment_id`) REFERENCES `batiment` (`id`)
);

INSERT INTO `etage` VALUES (1,4,'etage1'),(2,4,'etage2'),(3,5,'rdc'),(4,5,'etage1'),(5,5,'etage2'),(6,6,'rdc'),(7,6,'etage1'),(8,6,'etage2'),(9,7,'rdc'),(10,7,'etage1'),(11,8,'rdc'),(12,8,'etage1'),(13,8,'etage2'),(14,9,'rdc'),(15,9,'etage1'),(16,9,'etage2'),(17,10,'rdc'),(18,10,'etage1');

DROP TABLE IF EXISTS `salle`;
CREATE TABLE `salle` (
                         `id` int(11) NOT NULL AUTO_INCREMENT,
                         `batiment_id` int(11) NOT NULL,
                         `etage_id` int(11) NOT NULL,
                         `nom_salle` varchar(255) CHARACTER SET utf8 COLLATE utf8_unicode_ci NOT NULL,
                         PRIMARY KEY (`id`),
                         FOREIGN KEY (`etage_id`) REFERENCES `etage` (`id`),
                         FOREIGN KEY (`batiment_id`) REFERENCES `batiment` (`id`)
);

INSERT INTO `salle` VALUES (1,4,1,'S102'),(2,4,1,'S103'),(3,4,1,'S113'),(4,4,2,'S202'),(5,4,2,'S203'),(6,4,2,'S213'),(7,5,3,'T017'),(8,5,3,'T021'),(9,5,3,'T035'),(10,5,3,'T047'),(11,5,4,'T101'),(12,5,4,'T103'),(13,5,4,'T115'),(14,5,4,'T117'),(15,5,4,'T135'),(16,5,4,'T147'),(17,5,5,'T201'),(18,5,5,'T203'),(19,5,5,'T215'),(20,5,5,'T217'),(21,5,5,'T235'),(22,5,5,'T247'),(23,6,6,'P015'),(24,6,7,'P105'),(25,6,7,'P120'),(26,6,8,'P205'),(27,6,8,'P220'),(28,7,9,'Erosin'),(29,7,9,'babyfoot'),(30,7,10,'Adicode'),(31,8,11,'P005'),(32,8,12,'P105'),(33,8,13,'P205'),(34,9,14,'V005'),(35,9,15,'V105'),(36,9,16,'V205'),(37,10,17,'J001'),(38,10,17,'J002'),(39,10,18,'Toilettes');


DROP TABLE IF EXISTS `capteur`;
CREATE TABLE `capteur` (
                           `id` int(11) NOT NULL AUTO_INCREMENT,
                           `nom_capteur` varchar(255) CHARACTER SET utf8 COLLATE utf8_unicode_ci NOT NULL,
                           `is_deleted` tinyint(1) DEFAULT '0',
                           PRIMARY KEY (`id`)
);

INSERT INTO `capteur` VALUES (1,'alpha',0),(2,'beta',0),(3,'gamma',0),(4,'theta',0),(5,'louis_requillart',1);

DROP TABLE IF EXISTS `alerte`;
CREATE TABLE `alerte` (
                          `id` int(11) NOT NULL AUTO_INCREMENT,
                          `date` datetime NOT NULL,
                          `titre` varchar(255) NOT NULL,
                          `message` varchar(255) CHARACTER SET utf8 COLLATE utf8_unicode_ci NOT NULL,
                          `personne_id` int(11) NOT NULL,
                          `salle_id` int(11) NOT NULL,
                          `checked` tinyint(1) NOT NULL,
                          PRIMARY KEY (`id`),
                          FOREIGN KEY (`personne_id`) REFERENCES `personne` (`id`),
                          FOREIGN KEY (`salle_id`) REFERENCES `salle` (`id`)
);


DROP TABLE IF EXISTS `capteur_salle`;
CREATE TABLE `capteur_salle` (
                                 `id` int(11) NOT NULL AUTO_INCREMENT,
                                 `nom_capteur` varchar(255) CHARACTER SET utf8 COLLATE utf8_unicode_ci NOT NULL,
                                 `position` varchar(255) NOT NULL,
                                 `salle_id` int(11) NOT NULL,
                                 `date_debut` datetime NOT NULL,
                                 `date_fin` datetime DEFAULT NULL,
                                 PRIMARY KEY (`id`),
                                 FOREIGN KEY (`salle_id`) REFERENCES `salle` (`id`)
);

INSERT INTO `capteur_salle` VALUES (1,'alpha','sur le mur de gauche',15,'2020-01-20 00:00:00','2020-02-27 11:29:29'),(2,'beta','Au plafon, au centre',23,'2020-01-07 13:01:02',NULL),(3,'theta','A côté du tableau',28,'2020-02-20 15:31:20','2020-02-20 15:54:45'),(4,'theta','Au fond de la salle, proche du canape',29,'2020-02-20 15:54:45','2020-02-20 16:13:56'),(5,'theta','A droite du tableau',36,'2020-02-20 16:14:17',NULL),(6,'alpha','sur le mur de droite',24,'2020-02-27 11:29:29','2020-02-27 11:29:53');


DROP TABLE IF EXISTS `enquete`;
CREATE TABLE `enquete` (
                           `id_info_enquete` int(11) NOT NULL AUTO_INCREMENT,
                           `id_user` int(11) NOT NULL,
                           `sexe` tinyint(1) NOT NULL,
                           `age` int(11) NOT NULL,
                           `situation` varchar(250) NOT NULL,
                           `domaine` varchar(250) DEFAULT NULL,
                           `diplome` varchar(250) NOT NULL,
                           `parent` tinyint(1) NOT NULL,
                           `commune` varchar(250) NOT NULL,
                           `mot1` varchar(250) DEFAULT NULL,
                           `mot2` varchar(250) DEFAULT NULL,
                           `mot3` varchar(250) DEFAULT NULL,
                           `date_creation` datetime DEFAULT NULL,
                           PRIMARY KEY (`id_info_enquete`),
                           FOREIGN KEY (`id_user`) REFERENCES `personne` (`id`)
);



DROP TABLE IF EXISTS `info_sensibilisation`;
CREATE TABLE `info_sensibilisation` (
                                        `id_info_sensibilisation` int(11) NOT NULL AUTO_INCREMENT,
                                        `id_user` int(11) NOT NULL,
                                        `q_air_quartier` varchar(250) NOT NULL,
                                        `pollution` tinyint(1) NOT NULL,
                                        `q_air_general` tinyint(1) NOT NULL,
                                        `prev_quotidien_q_air_ext` tinyint(1) NOT NULL,
                                        `effet_pollution_air_sante` tinyint(1) NOT NULL,
                                        `recommandation_proteger_pollution_quotidienne` tinyint(1) NOT NULL,
                                        `pics_pollution` tinyint(1) NOT NULL,
                                        `precautions_pic_pollution` tinyint(1) NOT NULL,
                                        `sources_pollution_air_inter` tinyint(1) NOT NULL,
                                        `sources_pollution_air_exter` tinyint(1) NOT NULL,
                                        `moyens_air_sain_inter` tinyint(1) NOT NULL,
                                        `moyens_air_sain_exter` tinyint(1) NOT NULL,
                                        `actions_publiques_ameliorer_qualite_air` tinyint(1) NOT NULL,
                                        `saison_pollue` varchar(250) NOT NULL,
                                        `impact_sante` varchar(250) NOT NULL,
                                        `impact_air_pollue_organe` varchar(250) DEFAULT NULL,
                                        `aeration_logement` tinyint(1) NOT NULL,
                                        `frequence_aeration_logement` varchar(250) DEFAULT NULL,
                                        `eviter_trafic_velo` varchar(250) NOT NULL,
                                        `sport` tinyint(1) NOT NULL,
                                        `sport_route_trafic` tinyint(1) DEFAULT NULL,
                                        `remarques` varchar(250) DEFAULT NULL,
                                        `date_creation` datetime DEFAULT NULL,
                                        PRIMARY KEY (`id_info_sensibilisation`),
                                        FOREIGN KEY (`id_user`) REFERENCES `personne` (`id`)
);



DROP TABLE IF EXISTS `rasberry`;
CREATE TABLE `rasberry` (
                            `id_rasberry` int(11) NOT NULL,
                            `id_salle` int(11) DEFAULT NULL,
                            PRIMARY KEY (`id_rasberry`),
                            FOREIGN KEY (`id_salle`) REFERENCES `salle` (`id`)
);

INSERT INTO `rasberry` VALUES (1,1);




DROP TABLE IF EXISTS `sensation_salles`;
CREATE TABLE `sensation_salles` (
                                    `id_sensation` int(11) NOT NULL AUTO_INCREMENT,
                                    `id_salle` int(11) NOT NULL,
                                    `id_user` int(11) NOT NULL,
                                    `id_sensor` int(11) NOT NULL,
                                    `q_air_hei` varchar(250) NOT NULL,
                                    `dist_fenetre` varchar(250) NOT NULL,
                                    `dist_ventilo` varchar(250) NOT NULL,
                                    `climat_salle` varchar(250) NOT NULL,
                                    `temp_sensation` varchar(250) NOT NULL,
                                    `capteur_temp` varchar(250) NOT NULL,
                                    `air_sensation` varchar(250) NOT NULL,
                                    `air_agreable` varchar(250) NOT NULL,
                                    `odeur` varchar(250) NOT NULL,
                                    `poussiere` tinyint(1) NOT NULL,
                                    `symptomes` varchar(250) NOT NULL,
                                    `q_air_salle` varchar(250) NOT NULL,
                                    `date_creation` datetime DEFAULT NULL,
                                    PRIMARY KEY (`id_sensation`),
                                    FOREIGN KEY (`id_salle`) REFERENCES `salle` (`id`),
                                    FOREIGN KEY (`id_user`) REFERENCES `personne` (`id`)
);



DROP TABLE IF EXISTS `sensors`;
CREATE TABLE `sensors` (
                           `id_sensor` int(11) NOT NULL AUTO_INCREMENT,
                           `id_rasberry` int(11) NOT NULL,
                           `time_info_collected` datetime DEFAULT NULL,
                           `CO` float DEFAULT NULL,
                           `CO2` int(11) DEFAULT NULL,
                           `LMG` float DEFAULT NULL,
                           `dust` float DEFAULT NULL,
                           `formol` float DEFAULT NULL,
                           `humid` float DEFAULT NULL,
                           `light` int(11) DEFAULT NULL,
                           `sound` int(11) DEFAULT NULL,
                           `temperature` float DEFAULT NULL,
                           `tolu` float DEFAULT NULL,
                           PRIMARY KEY (`id_sensor`),
                           FOREIGN KEY (`id_rasberry`) REFERENCES `rasberry` (`id_rasberry`)
);
INSERT INTO `sensors`
VALUES (1,1,'2020-01-28 12:40:30',0.0564678,598,122.741,0.0319824,2.72746,37.4,304,42,21.6,183.067),(2,1,'2020-01-28 12:41:31',0.034466,600,107.317,0.0577148,2.63864,37.3,293,42,21.7,180.234),(3,1,'2020-01-28 12:42:32',0.0414526,586,112.313,-0.000390625,2.72746,37.2,299,42,21.7,183.067),(4,1,'2020-01-28 12:43:33',0.0639463,589,127.794,0.0228516,2.81768,37.2,311,42,21.7,185.988),(5,1,'2020-01-28 12:44:34',0.128656,589,168.56,0.0826172,2.72746,37.1,307,42,21.7,183.067),(6,1,'2020-01-28 12:45:35',0.0427537,578,113.233,0.0187012,2.63864,37.1,304,42,21.8,180.234),(7,1,'2020-01-28 12:46:39',0.034466,578,107.317,0.0220215,2.63864,36.9,307,42,21.8,180.234),(8,1,'2020-01-28 12:47:40',0.0938721,580,147.235,0.027002,2.63864,36.9,308,42,21.8,180.234),(9,1,'2020-01-28 12:48:41',0.0930352,585,146.707,0.0942383,2.72746,37,308,42,21.8,183.067),(10,1,'2020-01-28 12:49:44',0.195306,578,206.617,0.0394531,2.72746,36.6,303,42,21.7,183.067),(11,1,'2020-01-28 12:50:45',0.05882,561,124.34,0.00708008,2.72746,36.6,305,42,21.7,183.067),(12,1,'2020-01-28 12:51:46',0.0905354,554,145.123,0.0826172,2.72746,36.6,311,42,21.8,183.067),(13,1,'2020-01-28 12:56:42',0.08738,555,143.114,0.0842773,2.5512,36.6,291,42,21.8,177.484),(14,1,'2020-01-28 12:57:45',0.0626079,555,126.896,-0.00952148,2.63864,36.7,300,42,21.7,180.234),(15,1,'2020-01-28 12:58:46',0.0889698,551,144.128,0.0842773,2.5512,36.7,298,42,21.7,177.484),(16,1,'2020-01-28 12:59:47',0.0479189,564,116.853,0.0834473,2.72746,36.7,291,42,21.7,183.067),(17,1,'2020-01-28 13:00:51',0.0413795,559,112.261,0.00708008,2.72746,36.7,302,42,21.7,183.067),(18,1,'2020-01-28 13:01:52',0.0889698,551,144.128,0.0510742,2.63864,36.6,291,42,21.7,180.234),(19,1,'2020-01-28 13:02:53',0.0449181,548,114.756,0.00209961,2.63864,36.6,305,42,21.7,180.234),(20,1,'2020-01-28 13:03:54',0.0999055,549,151.023,-0.0452148,2.63864,36.4,303,42,21.8,180.234),(21,1,'2020-01-28 13:04:55',0.0938366,541,147.213,0.000439453,2.63864,36.6,301,42,21.8,180.234),(22,1,'2020-01-28 13:05:56',0.0466604,539,115.975,0.0759766,2.63864,36.5,293,42,21.8,180.234),(23,1,'2020-01-28 13:06:57',0.0285307,549,102.992,0.080957,2.5512,36.4,298,42,21.8,177.484),(24,1,'2020-01-28 13:07:58',0.0677244,533,130.315,0.0643555,2.63864,36.3,296,42,21.8,180.234),(25,1,'2020-01-28 13:08:59',0.0871485,527,142.966,0.0294922,2.63864,36.2,299,42,21.9,180.234),(26,1,'2020-01-28 13:10:00',0.0466604,527,115.975,0.0934082,2.63864,36.1,300,42,21.9,180.234),(27,1,'2020-01-28 13:11:01',0.0830921,518,140.364,0.0552246,2.63864,36.1,292,42,21.9,180.234),(28,1,'2020-01-28 13:12:02',0.0517213,521,119.487,0.027832,2.63864,36.2,310,42,22,180.234),(29,1,'2020-01-28 13:13:03',0.105253,516,154.346,0.0411133,2.72746,36,306,42,22,183.067),(30,1,'2020-01-28 13:14:04',0.0341241,519,107.07,-0.0236328,2.72746,35.7,312,42,22.1,183.067),(31,1,'2020-01-28 13:15:05',0.0121079,519,90.5781,0.10752,2.63864,35.7,314,42,22.1,180.234),(32,1,'2020-01-28 13:16:06',0.0211741,515,97.5177,0.0867676,2.63864,35.6,309,42,22.1,180.234),(33,1,'2020-01-28 13:17:07',0.00583962,520,85.6387,-0.0120117,2.72746,35.5,301,42,22.1,183.067),(34,1,'2020-01-28 13:18:13',0.00253946,520,82.9862,-0.0277832,2.63864,35.4,308,42,22.2,180.234),(35,1,'2020-01-28 13:19:14',0.00945892,531,88.5058,-0.0991699,2.63864,35.4,304,42,22.2,180.234),(36,1,'2020-01-28 13:20:15',0.0211741,521,97.5177,0.101709,2.63864,35.2,316,42,22.2,180.234),(37,1,'2020-01-28 13:21:16',0.0154737,513,93.1811,0.038623,2.63864,35.1,311,42,22.2,180.234),(38,1,'2020-01-28 13:22:19',0.08631,508,142.43,0.0353027,2.5512,35.1,303,42,22.2,177.484),(39,1,'2020-01-28 13:23:23',0.032389,515,105.812,-0.00371094,2.63864,35.1,302,42,22.2,180.234),(40,1,'2020-01-28 13:24:34',0.0159963,519,93.5823,0.0884277,2.63864,35.1,308,42,22.2,180.234),(41,1,'2020-01-28 13:25:37',0.0197098,524,96.4119,0.0759766,2.5512,35,304,42,22.1,177.484),(42,1,'2020-01-28 13:26:41',0.00712838,521,86.6645,0.105859,2.5512,35,309,42,22.1,177.484),(43,1,'2020-01-28 13:27:42',0.0594941,513,124.796,0.0660156,2.5512,35,299,42,22.1,177.484),(44,1,'2020-01-28 13:28:43',0.00253946,510,82.9862,-0.068457,2.5512,34.9,304,42,22.1,177.484),(45,1,'2020-01-28 13:29:49',0.0375626,499,109.543,0.090918,2.63864,35,310,42,22.1,180.234),(46,1,'2020-01-28 13:30:52',0.0388751,502,110.481,0.0469238,2.5512,35,304,42,22.1,177.484),(47,1,'2020-01-28 13:31:53',0.0311746,498,104.928,0.048584,2.5512,35,307,41,22.1,177.484),(48,1,'2020-01-28 13:32:54',0.0262352,503,101.298,0.0419434,2.5512,34.9,304,42,22,177.484),(49,1,'2020-01-28 13:33:55',0.0146385,503,92.5382,0.048584,2.5512,35,309,42,22,177.484),(50,1,'2020-01-28 13:34:56',0.00945892,510,88.5058,0.0419434,2.46512,35.1,310,42,22,174.816),(51,1,'2020-01-28 13:35:57',0.0222368,520,98.3166,0.0436035,2.5512,35.2,297,42,22,177.484),(52,1,'2020-01-28 13:36:58',0.00253946,519,82.9862,0.0768066,2.5512,35.2,299,42,22,177.484),(53,1,'2020-01-28 13:38:02',0.0211741,526,97.5177,0.0187012,2.5512,35,301,42,21.9,177.484),(54,1,'2020-01-28 13:39:05',0.0111276,523,89.8137,0.0228516,2.5512,35,303,42,21.9,177.484),(55,1,'2020-01-28 13:40:06',0.00945892,516,88.5058,0.0967285,2.46512,35,307,42,21.9,174.816),(56,1,'2020-01-28 13:41:10',0.0795192,513,138.056,0.0577148,2.5512,35.1,306,42,21.9,177.484),(57,1,'2020-01-28 13:42:11',0.0267609,514,101.687,0.0784668,2.5512,35.1,311,42,21.9,177.484),(58,1,'2020-01-28 13:43:12',0.0202662,509,96.8328,0.123291,2.5512,35.1,307,42,21.9,177.484),(59,1,'2020-01-28 13:44:13',0.0154737,513,93.1811,-0.00205078,2.46512,34.9,308,42,21.8,174.816),(60,1,'2020-01-28 13:45:14',0.0222368,507,98.3166,0.0510742,2.46512,34.8,309,42,21.8,174.816),(61,1,'2020-01-28 13:46:15',0.0211741,504,97.5177,0.0610352,2.46512,34.8,313,42,21.8,174.816),(62,1,'2020-01-28 13:47:16',0.00212152,504,82.6475,-0.0169922,2.46512,34.8,312,42,21.8,174.816),(63,1,'2020-01-28 13:48:17',0.0222368,503,98.3166,0.0286621,2.46512,34.9,300,42,21.8,174.816),(64,1,'2020-01-28 13:49:18',0.00667507,513,86.3043,0.090918,2.46512,35,304,42,21.8,174.816),(65,1,'2020-01-28 13:50:19',-0.00169304,518,79.5267,0.0709961,2.46512,35,299,42,21.8,174.816),(66,1,'2020-01-28 13:51:20',0.00212152,513,82.6475,0.0875977,2.46512,35,309,42,21.8,174.816),(67,1,'2020-01-28 13:52:21',0.0222368,517,98.3166,0.070166,2.46512,35,299,42,21.8,174.816),(68,1,'2020-01-28 13:53:22',0.010709,526,89.4865,0.0552246,2.46512,34.9,313,42,21.8,174.816),(69,1,'2020-01-28 13:54:23',0.0514418,519,119.294,-0.0418945,2.46512,34.9,300,42,21.8,174.816),(70,1,'2020-01-28 13:55:24',0.0169814,529,94.3366,0.0709961,2.46512,35,308,42,21.8,174.816),(71,1,'2020-01-28 13:56:25',0.0216646,531,97.8868,0.0660156,2.46512,35,299,42,21.8,174.816),(72,1,'2020-01-28 13:57:26',0.025781,529,100.961,0.101709,2.46512,35,299,42,21.8,174.816),(73,1,'2020-01-28 13:58:29',0.00945892,541,88.5058,0.0792969,2.38039,34.9,313,42,21.8,172.228),(74,1,'2020-01-28 13:59:30',-0.00169304,540,79.5267,0.0477539,2.46512,35,302,42,21.8,174.816),(75,1,'2020-01-28 14:00:31',-0.00169304,537,79.5267,0.0319824,2.46512,34.9,309,42,21.8,174.816),(76,1,'2020-01-28 14:01:35',0.00667507,544,86.3043,0.0751465,2.38039,34.8,297,42,21.8,172.228),(77,1,'2020-01-28 14:02:36',-0.00169304,535,79.5267,0.0203613,2.46512,34.8,304,42,21.8,174.816),(78,1,'2020-01-28 14:03:39',0.0267609,528,101.687,0.0759766,2.38039,34.8,307,42,21.8,172.228),(79,1,'2020-01-28 14:04:40',0.00212152,528,82.6475,0.0842773,2.46512,34.8,311,42,21.8,174.816),(80,1,'2020-01-28 14:05:41',0.0514418,536,119.294,0.0294922,2.38039,34.7,312,42,21.8,172.228),(81,1,'2020-01-28 14:06:42',0.00667507,541,86.3043,0.127441,2.46512,34.7,307,42,21.9,174.816),(82,1,'2020-01-28 14:07:43',0.0154737,547,93.1811,-0.0161621,2.38039,34.7,304,42,21.9,172.228),(83,1,'2020-01-28 14:08:44',0.0459941,559,115.509,0.048584,2.38039,34.8,309,42,21.9,172.228),(84,1,'2020-01-28 14:09:45',0.0452286,554,114.973,0.0328125,2.46512,34.6,305,42,21.9,174.816),(85,1,'2020-01-28 14:10:46',0.0211741,555,97.5177,0.0776367,2.38039,34.6,307,42,21.9,172.228),(86,1,'2020-01-28 14:11:47',0.0154737,550,93.1811,0.100879,2.46512,34.6,314,42,21.9,174.816),(87,1,'2020-01-28 14:12:48',0.0527653,557,120.206,0.0353027,2.46512,34.5,312,42,21.9,174.816),(88,1,'2020-01-28 14:13:49',0.0246657,554,100.132,0.0535645,2.38039,34.4,302,42,21.9,172.228),(89,1,'2020-01-28 14:14:53',0.043257,551,113.588,0.0112305,2.38039,34.5,309,42,21.9,172.228),(90,1,'2020-01-28 14:15:59',-0.00169304,555,79.5267,0.0519043,2.38039,34.5,303,42,21.9,172.228),(91,1,'2020-01-28 14:17:00',0.0159963,553,93.5823,0.059375,2.38039,34.6,307,42,22,172.228),(92,1,'2020-01-28 14:18:04',0.027908,562,102.533,0.0743164,2.46512,34.4,306,42,22,174.816),(93,1,'2020-01-28 14:19:05',0.016451,557,93.9308,0.091748,2.38039,34.4,316,42,22,172.228),(94,1,'2020-01-28 14:20:06',0.0116159,549,90.1948,0.0643555,2.46512,34.4,308,42,22,174.816),(95,1,'2020-01-28 14:21:06',0.0159963,546,93.5823,0.0245117,2.38039,34.2,303,42,22,172.228),(96,1,'2020-01-28 14:22:07',0.0263864,548,101.41,0.0568848,2.38039,34.2,299,42,22,172.228),(97,1,'2020-01-28 14:23:08',0.00667507,547,86.3043,0.0494141,2.38039,34.1,310,42,22,172.228),(98,1,'2020-01-28 14:24:09',0.0116159,532,90.1948,0.0411133,2.38039,34,314,42,22,172.228),(99,1,'2020-01-28 14:25:10',0.0197098,531,96.4119,0.0884277,2.38039,33.9,304,42,22,172.228),(100,1,'2020-01-28 14:26:16',0.00667507,523,86.3043,0.0610352,2.38039,33.8,300,42,22,172.228),(101,1,'2020-01-28 14:27:17',0.0262352,516,101.298,0.0311523,2.38039,33.7,301,42,21.9,172.228),(102,1,'2020-01-28 14:28:19',0.00253946,506,82.9862,0.0942383,2.29698,33.7,312,42,22,169.716),(103,1,'2020-01-28 14:29:19',0.00667507,521,86.3043,0.0925781,2.38039,33.7,299,42,22,172.228),(104,1,'2020-01-28 14:30:21',0.0341241,521,107.07,0.027832,2.38039,33.8,312,42,22,172.228),(105,1,'2020-01-28 14:31:24',0.00253946,526,82.9862,0.0436035,2.38039,33.8,301,42,22,172.228),(106,1,'2020-01-28 14:32:25',-0.00169304,524,79.5267,0.0651855,2.38039,33.8,309,42,22,172.228),(107,1,'2020-01-28 14:33:26',0.025781,530,100.961,0.0668457,2.38039,33.7,307,42,22,172.228),(108,1,'2020-01-28 14:34:27',0.0216646,535,97.8868,0.091748,2.38039,33.8,299,42,22.1,172.228),(109,1,'2020-01-28 14:35:28',0.0520551,537,119.717,0.10835,2.38039,33.8,311,42,22,172.228),(110,1,'2020-01-28 14:36:29',0.00212152,526,82.6475,0.0427734,2.29698,33.7,300,42,22.1,169.716),(111,1,'2020-01-28 14:37:33',0.00583962,514,85.6387,-0.1,2.29698,33.6,296,42,22.1,169.716),(112,1,'2020-01-28 14:38:34',0.0458894,510,115.436,0.048584,2.38039,33.6,311,42,22.1,172.228),(113,1,'2020-01-28 14:39:37',0.00667507,522,86.3043,0.0842773,2.38039,33.6,312,42,22.1,172.228),(114,1,'2020-01-28 14:40:38',0.0322256,527,105.693,0.0942383,2.29698,33.6,307,42,22.1,169.716),(115,1,'2020-01-28 14:41:39',0.0375626,536,109.543,0.0859375,2.29698,33.5,310,42,22.1,169.716),(116,1,'2020-01-28 14:42:40',0.00253946,543,82.9862,0.0460938,2.38039,33.5,310,42,22.1,172.228),(117,1,'2020-01-28 14:43:41',0.027908,552,102.533,0.0718262,2.29698,33.5,310,42,22.1,169.716),(118,1,'2020-01-28 14:44:42',0.0382644,545,110.045,0.0685059,2.29698,33.5,306,42,22.1,169.716),(119,1,'2020-01-28 14:45:43',0.016451,543,93.9308,-0.014502,2.29698,33.5,301,42,22.1,169.716),(120,1,'2020-01-28 14:46:52',0.0388751,542,110.481,0.0419434,2.29698,33.5,310,42,22.1,169.716),(121,1,'2020-01-28 14:47:53',0.010709,553,89.4865,-0.0128418,2.38039,33.5,296,42,22.1,172.228),(122,1,'2020-01-28 14:48:54',0.0201272,551,96.7277,0.0759766,2.29698,33.6,311,42,22.1,169.716),(123,1,'2020-01-28 14:49:57',0.00253946,537,82.9862,0.00791016,2.29698,33.6,308,42,22.1,169.716),(124,1,'2020-01-28 14:50:58',-0.00169304,526,79.5267,0.101709,2.38039,33.7,301,42,22.1,172.228),(125,1,'2020-01-28 14:51:59',0.0211741,520,97.5177,0.0676758,2.29698,33.6,312,42,22.1,169.716),(126,1,'2020-01-28 14:53:00',0.0154737,512,93.1811,0.0195312,2.29698,33.5,299,42,22,169.716),(127,1,'2020-01-28 14:54:01',0.0217424,520,97.9452,0.0494141,2.38039,33.6,305,42,22,172.228),(128,1,'2020-01-28 14:55:02',0.0197098,528,96.4119,0.0643555,2.38039,33.6,301,42,22,172.228),(129,1,'2020-01-28 14:56:03',0.0159963,524,93.5823,0.0162109,2.29698,33.6,313,42,22,169.716),(130,1,'2020-01-28 14:57:07',0.0154737,521,93.1811,0.0726563,2.38039,33.7,310,42,22,172.228),(131,1,'2020-01-28 14:58:08',-0.00169304,523,79.5267,0.0336426,2.29698,33.7,309,42,22,169.716),(132,1,'2020-01-28 14:59:11',0.025781,520,100.961,0.0884277,2.38039,33.6,314,42,21.9,172.228),(133,1,'2020-01-28 15:00:12',0.0216646,519,97.8868,0.0768066,2.29698,33.6,312,42,21.9,169.716),(134,1,'2020-01-28 15:01:16',0.0216646,519,97.8868,0.0211914,2.29698,33.6,308,42,21.9,169.716),(135,1,'2020-01-28 15:02:17',0.0201272,527,96.7277,0.0294922,2.29698,33.6,304,42,21.9,169.716),(136,1,'2020-01-28 15:03:18',0.010709,522,89.4865,0.0685059,2.38039,33.6,311,42,21.9,172.228),(137,1,'2020-01-28 15:04:19',0.00712838,528,86.6645,0.0444336,2.38039,33.7,312,42,21.9,172.228),(138,1,'2020-01-28 15:05:22',0.00212152,521,82.6475,0.0983887,2.29698,33.6,307,42,21.9,169.716),(139,1,'2020-01-28 15:06:23',0.025781,513,100.961,0.017041,2.29698,33.6,302,42,21.9,169.716),(140,1,'2020-01-28 15:07:24',-0.00169304,513,79.5267,0.0353027,2.29698,33.6,305,42,21.9,169.716),(141,1,'2020-01-28 15:08:25',-0.00560007,516,76.2712,0.0602051,2.29698,33.6,312,42,21.9,169.716),(142,1,'2020-01-28 15:09:29',0.00212152,520,82.6475,0.10835,2.29698,33.6,303,42,21.9,169.716),(143,1,'2020-01-28 15:10:30',0.0211741,520,97.5177,0.0851074,2.29698,33.6,304,42,21.8,169.716),(144,1,'2020-01-28 15:11:31',0.0311746,514,104.928,0.00209961,2.29698,33.5,307,42,21.8,169.716),(145,1,'2020-01-28 15:12:32',0.00253946,522,82.9862,0.0643555,2.21486,33.5,310,42,21.8,167.28),(146,1,'2020-01-28 15:13:35',0.0116159,519,90.1948,0.0469238,2.29698,33.5,315,42,21.8,169.716),(147,1,'2020-01-28 15:14:36',0.00253946,515,82.9862,0.0983887,2.29698,33.5,299,42,21.8,169.716),(148,1,'2020-01-28 15:15:42',0.00667507,508,86.3043,0.0469238,2.21486,33.6,308,42,21.8,167.28),(149,1,'2020-01-28 15:16:43',0.0514418,510,119.294,-0.0352539,2.21486,33.6,307,42,21.7,167.28),(150,1,'2020-01-28 15:17:44',0.0121079,517,90.5781,0.0958984,2.21486,33.6,299,42,21.8,167.28),(151,1,'2020-01-28 15:18:45',0.016451,514,93.9308,0.0817871,2.21486,33.5,316,42,21.8,167.28),(152,1,'2020-01-28 15:19:46',0.0154737,510,93.1811,0.0709961,2.21486,33.5,299,42,21.8,167.28),(153,1,'2020-01-28 15:20:47',0.010709,512,89.4865,0.090918,2.21486,33.5,299,42,21.8,167.28),(154,1,'2020-01-28 15:21:51',0.0202662,514,96.8328,0.0983887,2.29698,33.5,303,42,21.8,169.716),(155,1,'2020-01-28 15:22:57',0.00667507,511,86.3043,0.0643555,2.21486,33.5,307,42,21.8,167.28),(156,1,'2020-01-28 15:23:58',0.00667507,505,86.3043,0.0676758,2.29698,33.5,314,42,21.8,169.716),(157,1,'2020-01-28 15:25:04',0.0380891,508,109.92,0.0187012,2.21486,33.6,299,42,21.8,167.28),(158,1,'2020-01-28 15:26:12',0.00253946,519,82.9862,0.0128906,2.13404,33.7,300,42,21.8,164.916),(159,1,'2020-01-28 15:27:16',0.00712838,526,86.6645,0.0477539,2.21486,33.5,312,42,21.7,167.28),(160,1,'2020-01-28 15:28:17',0.00945892,515,88.5058,0.0187012,2.21486,33.5,305,42,21.7,167.28),(161,1,'2020-01-28 15:29:20',0.0211741,508,97.5177,0.0568848,2.21486,33.6,302,42,21.7,167.28),(162,1,'2020-01-28 15:30:24',0.0388751,513,110.481,0.0643555,2.21486,33.6,310,42,21.7,167.28),(163,1,'2020-01-28 15:31:25',0.0334561,518,106.586,0.0510742,2.13404,33.6,304,42,21.7,164.916),(164,1,'2020-01-28 15:32:26',0.0514418,506,119.294,0.0983887,2.21486,33.6,299,42,21.7,167.28),(165,1,'2020-01-28 15:33:27',0.0273743,515,102.14,-0.0767578,2.21486,33.6,300,42,21.7,167.28),(166,1,'2020-01-28 15:34:28',0.00667507,515,86.3043,0.106689,2.21486,33.6,307,42,21.7,167.28),(167,1,'2020-01-28 15:35:29',0.0322256,515,105.693,0.0535645,2.21486,33.6,307,42,21.7,167.28),(168,1,'2020-01-28 15:36:30',0.044006,515,114.115,0.0543945,2.21486,33.6,312,42,21.7,167.28),(169,1,'2020-01-28 15:37:31',0.0146385,517,92.5382,0.0336426,2.21486,33.7,303,42,21.7,167.28),(170,1,'2020-01-28 15:38:32',0.0520551,524,119.717,0.0543945,2.13404,33.8,310,42,21.8,164.916),(171,1,'2020-01-28 15:39:33',0.0263864,522,101.41,0.00874023,2.21486,33.8,304,42,21.8,167.28),(172,1,'2020-01-28 15:40:34',0.0452286,522,114.973,0.0519043,2.21486,33.7,304,42,21.8,167.28),(173,1,'2020-01-28 15:41:35',0.00583962,519,85.6387,0.11582,2.13404,33.7,302,42,21.8,164.916),(174,1,'2020-01-28 15:42:36',0.0159963,523,93.5823,0.0361328,2.21486,33.7,311,42,21.8,167.28),(175,1,'2020-01-28 15:43:39',0.016451,520,93.9308,0.059375,2.21486,33.8,314,42,21.8,167.28),(176,1,'2020-01-28 15:44:40',0.025781,519,100.961,0.0519043,2.13404,33.8,307,42,21.8,164.916),(177,1,'2020-01-28 15:45:41',0.0211741,527,97.5177,0.0394531,2.13404,33.8,302,42,21.8,164.916),(178,1,'2020-01-28 15:46:42',0.0626079,527,126.896,-0.0211426,2.13404,33.8,296,42,21.8,164.916),(179,1,'2020-01-28 15:47:43',0.0334561,525,106.586,0.037793,2.13404,33.9,313,42,21.8,164.916),(180,1,'2020-01-28 15:48:54',0.0334561,527,106.586,0.0602051,2.13404,33.8,306,42,21.8,164.916),(181,1,'2020-01-28 15:49:55',0.0780444,534,137.098,0.0875977,2.21486,34.3,305,42,21.8,167.28),(182,1,'2020-01-28 15:50:56',0.0341241,526,107.07,0.100879,2.13404,33.8,309,42,21.8,164.916),(183,1,'2020-01-28 15:51:57',0.0341241,527,107.07,0.104199,2.21486,33.8,301,42,21.8,167.28),(184,1,'2020-01-28 15:52:58',0.0830921,539,140.364,0.080127,2.21486,33.9,309,42,21.8,167.28),(185,1,'2020-01-28 15:54:02',0.0279926,541,102.596,0.0834473,2.13404,34,302,42,21.8,164.916),(186,1,'2020-01-28 15:55:05',0.0449181,530,114.756,0.0851074,2.21486,34,313,42,21.8,167.28),(187,1,'2020-01-28 15:56:06',0.040751,536,111.816,0.0502441,2.21486,34,309,42,21.8,167.28),(188,1,'2020-01-28 15:57:07',0.0279926,525,102.596,0.0419434,2.21486,33.9,308,42,21.7,167.28),(189,1,'2020-01-28 15:58:08',0.0341241,541,107.07,0.0792969,2.21486,34,306,42,21.7,167.28),(190,1,'2020-01-28 15:59:09',0.0472436,555,116.382,0.0685059,2.21486,34.1,306,42,21.7,167.28),(191,1,'2020-01-28 16:00:13',0.0522594,550,119.858,-0.0651367,2.13404,34.1,307,42,21.7,164.916),(192,1,'2020-01-28 16:01:14',0.0677244,542,130.315,0.0427734,2.21486,34.1,310,42,21.7,167.28),(193,1,'2020-01-28 16:02:17',0.0395878,544,110.989,0.0311523,2.21486,34.1,301,42,21.7,167.28),(194,1,'2020-01-28 16:03:21',0.040751,542,111.816,0.0826172,2.21486,34.1,300,42,21.7,167.28),(195,1,'2020-01-28 16:04:22',0.059797,553,125.001,0.0452637,2.21486,34.1,311,42,21.7,167.28),(196,1,'2020-01-28 16:05:23',0.0524291,561,119.975,-0.0742676,2.21486,34.1,303,42,21.7,167.28),(197,1,'2020-01-28 16:06:24',0.0472436,570,116.382,0.0220215,2.21486,34.2,306,42,21.7,167.28),(198,1,'2020-01-28 16:07:27',0.0699086,569,131.763,0.0643555,2.21486,34.2,304,42,21.7,167.28),(199,1,'2020-01-28 16:08:28',0.0610501,580,125.848,0.0676758,2.13404,34.2,301,42,21.7,164.916),(200,1,'2020-01-28 16:09:32',0.0341241,598,107.07,0.0660156,2.21486,34.3,309,42,21.8,167.28),(201,1,'2020-01-28 16:10:33',0.0379773,586,109.84,-0.0933594,2.21486,34.3,306,42,21.8,167.28),(202,1,'2020-01-28 16:11:34',0.0780444,583,137.098,0.0942383,2.13404,34.3,302,42,21.8,164.916);



DROP TABLE IF EXISTS `user_has_favoris`;
CREATE TABLE `user_has_favoris` (
                                    `id` int(11) NOT NULL AUTO_INCREMENT,
                                    `personne_id` int(11) NOT NULL,
                                    `is_favori_preffered` tinyint(1) DEFAULT NULL,
                                    `salle_id` int(11) NOT NULL,
                                    PRIMARY KEY (`id`),

                                    FOREIGN KEY (`personne_id`) REFERENCES `personne` (`id`),
                                    FOREIGN KEY (`salle_id`) REFERENCES `salle` (`id`)
);

INSERT INTO `user_has_favoris` VALUES (2,3,0,26),(3,3,1,24),(4,3,0,29),(7,4,1,22),(8,3,1,7),(10,16,1,7),(11,4,1,24),(13,4,1,29),(14,4,1,1),(16,3,1,5),(19,3,1,9),(20,3,1,3),(21,3,0,38),(22,4,1,11);



#  EN DESSOUS SONT DES TABLES CREE PRECEDEMMENT PAR LA STAGIAIRE? PEUT-ETRE UTILE DANS LE FUTUR
#     I   I   I   I   I   I   I   I   I   I   I   I   I   I   I   I   I   I   I   I
--    V   V   V   V   V   V   V   V   V   V   V   V   V   V   V   V   V   V   V   V
-- Structure de la table `capteur_type`
--

DROP TABLE IF EXISTS `capteur_type`;
CREATE TABLE IF NOT EXISTS `capteur_type` (
  `capteur_id` int(11) NOT NULL,
  `type_id` int(11) NOT NULL,
  PRIMARY KEY (`capteur_id`,`type_id`),
  KEY `IDX_992D0B981708A229` (`capteur_id`),
  KEY `IDX_992D0B98C54C8C93` (`type_id`)
) ENGINE=InnoDB DEFAULT CHARSET=utf8 COLLATE=utf8_unicode_ci;

-- --------------------------------------------------------

--
-- Structure de la table `data`
--

DROP TABLE IF EXISTS `data`;
CREATE TABLE IF NOT EXISTS `data` (
  `id` int(11) NOT NULL AUTO_INCREMENT,
  `capteur_id` int(11) DEFAULT NULL,
  `date` datetime DEFAULT NULL,
  `temperature_Interieure` double NOT NULL,
  `Relative_Humidity_Interieure` double NOT NULL,
  `TVOC_Interieure` int(11) NOT NULL,
  `Carbon_Dioxide_Interieure` int(11) NOT NULL,
  `Ozone_Interieure` int(11) NOT NULL,
  `Carbon_Monoxide_Interieure` int(11) NOT NULL,
  `Benzene_Interieure` int(11) NOT NULL,
  `Toluene_Interieure` double DEFAULT NULL,
  `Formaldehyde_Interieure` double DEFAULT NULL,
  `PM` double DEFAULT NULL,
  `Eclairage_Interieure` int(11) NOT NULL,
  `Acoutique_Interieure` int(11) NOT NULL,
  `Temperature_Soufflage` double NOT NULL,
  `Temperature_Extraction` double NOT NULL,
  `CO2_Soufflage` double NOT NULL,
  `CO2_Extraction` double NOT NULL,
  `Debit_Soufflage` int(11) NOT NULL,
  `Debit_Extraction` int(11) NOT NULL,
  `NOX_Exterieure` int(11) NOT NULL,
  `NO_Exterieure` int(11) NOT NULL,
  `Ozone_Exterieure` double DEFAULT NULL,
  `NO2_Exterieure` double DEFAULT NULL,
  `PM_Exterieure` int(11) DEFAULT NULL,
  `SO2_Exterieure` int(11) NOT NULL,
  `CO_Exterieure` double DEFAULT NULL,
  `COV_Exterieure` int(11) NOT NULL,
  `Benzene_Exterieure` int(11) NOT NULL,
  `Formaldehyde_Exterieure` int(11) NOT NULL,
  `Toluene_Exterieure` int(11) NOT NULL,
  PRIMARY KEY (`id`),
  KEY `IDX_ADF3F3631708A229` (`capteur_id`)
) ENGINE=InnoDB AUTO_INCREMENT=1451 DEFAULT CHARSET=utf8 COLLATE=utf8_unicode_ci;

--
-- Déchargement des données de la table `data`
--

INSERT INTO `data` (`id`, `capteur_id`, `date`, `temperature_Interieure`, `Relative_Humidity_Interieure`, `TVOC_Interieure`, `Carbon_Dioxide_Interieure`, `Ozone_Interieure`, `Carbon_Monoxide_Interieure`, `Benzene_Interieure`, `Toluene_Interieure`, `Formaldehyde_Interieure`, `PM`, `Eclairage_Interieure`, `Acoutique_Interieure`, `Temperature_Soufflage`, `Temperature_Extraction`, `CO2_Soufflage`, `CO2_Extraction`, `Debit_Soufflage`, `Debit_Extraction`, `NOX_Exterieure`, `NO_Exterieure`, `Ozone_Exterieure`, `NO2_Exterieure`, `PM_Exterieure`, `SO2_Exterieure`, `CO_Exterieure`, `COV_Exterieure`, `Benzene_Exterieure`, `Formaldehyde_Exterieure`, `Toluene_Exterieure`) VALUES
(726, NULL, '2019-03-20 14:07:00', 21.9, 6.5, 0, 205, 0, 0, 0, 3.99, 0, 0, 300, 30, 19.53, 20.34, 457.14, 464.96, 100, 100, 29, 0, 132, 378.944, 51, 0, 0.22, 100, 1, 1, 1),
(727, NULL, '2019-03-20 14:09:00', 21.9, 6.5, 0, 204, 0, 0, 0, 0, 0, 0, 300, 30, 19.76, 19.75, 457.14, 464.96, 100, 100, 41, 0, 91, 806.6694, 21, 0, 0.221, 100, 1, 1, 1),
(728, NULL, '2019-03-20 14:11:00', 21.9, 6.5, 0, 204, 0, 0, 0, 99.63, 0, 0, 300, 30, 19.77, 19.55, 457.14, 464.96, 100, 100, 58, 0, 105, 634.5784, 35, 0, 0.222, 100, 1, 1, 1),
(729, NULL, '2019-03-20 14:13:00', 21.9, 6.6, 0, 204, 0, 0, 0, 606.06, 0, 0, 300, 30, 19.77, 19.97, 457.14, 464.96, 100, 100, 47, 0, 114, 673.3514, 25, 0, 0.223, 100, 1, 1, 1),
(730, NULL, '2019-03-20 14:15:00', 21.9, 6.6, 0, 204, 0, 0, 0, 610.72, 0, 0, 300, 30, 19.77, 20.24, 457.14, 464.96, 100, 100, 41, 0, 107, 589.7507, 24, 0, 0.224, 100, 1, 1, 1),
(731, NULL, '2019-03-20 14:17:00', 21.9, 6.6, 0, 204, 0, 0, 0, 614.04, 0, 0, 300, 30, 19.77, 19.76, 457.14, 464.96, 100, 100, 49, 0, 80, 445.6985, 18, 0, 0.225, 100, 1, 1, 1),
(732, NULL, '2019-03-20 14:19:00', 21.9, 6.7, 0, 205, 0, 0, 0, 616.53, 0, 0, 300, 30, 19.77, 20.48, 457.14, 464.96, 100, 100, 42, 0, 101, 382.8022, 31, 0, 0.226, 100, 1, 1, 1),
(733, NULL, '2019-03-20 14:21:00', 21.9, 6.7, 0, 205, 0, 0, 0, 612.27, 0, 0, 300, 30, 19.77, 20.15, 457.14, 464.96, 100, 100, 47, 0, 89, 325.8651, 27, 0, 0.227, 100, 1, 1, 1),
(734, NULL, '2019-03-20 14:23:00', 21.9, 6.7, 0, 206, 0, 0, 0, 611.84, 0, 0, 300, 30, 19.87, 19.46, 456.66, 464.96, 100, 100, 39, 0, 96, 194.9919, 35, 0, 0.228, 100, 1, 1, 1),
(735, NULL, '2019-03-20 14:25:00', 21.9, 6.8, 0, 206, 0, 0, 0, 605, 0, 0, 300, 30, 20, 20.07, 456.66, 464.96, 100, 100, 45, 0, 105, 203.6442, 26, 0, 0.229, 100, 1, 1, 1),
(736, NULL, '2019-03-20 14:27:00', 21.8, 6.8, 0, 206, 0, 0, 0, 600.66, 0, 0, 300, 30, 20, 20.5, 456.66, 464.96, 100, 100, 38, 0, 96, 216.0019, 19, 0, 0.23, 100, 1, 1, 1),
(737, NULL, '2019-03-20 14:29:00', 21.8, 6.8, 0, 206, 0, 0, 0, 605.91, 0, 0, 300, 30, 20, 20.31, 456.66, 464.96, 100, 100, 34, 0, 129, 345.6527, 26, 0, 0.231, 100, 1, 1, 1),
(738, NULL, '2019-03-20 14:31:00', 21.8, 6.9, 0, 206, 0, 0, 0, 606.87, 0, 0, 300, 30, 20, 19.62, 456.66, 464.96, 100, 100, 36, 0, 73, 275.5366, 16, 0, 0.232, 100, 1, 1, 1),
(739, NULL, '2019-03-20 14:33:00', 21.8, 6.9, 0, 206, 0, 0, 0, 608.87, 0, 0, 300, 30, 20, 19.67, 456.66, 464.96, 100, 100, 33, 0, 124, 246.3709, 23, 0, 0.233, 100, 1, 1, 1),
(740, NULL, '2019-03-20 14:35:00', 21.8, 6.9, 0, 206, 0, 0, 0, 603.34, 0, 0, 300, 30, 20, 20.41, 456.66, 464.96, 100, 100, 42, 0, 89, 269.5583, 21, 0, 0.234, 100, 1, 1, 1),
(741, NULL, '2019-03-20 14:37:00', 21.8, 6.9, 0, 206, 0, 0, 0, 611.1, 0, 0, 300, 30, 20, 20.16, 456.66, 464.96, 100, 100, 39, 0, 40, 356.7498, 34, 0, 0.235, 100, 1, 1, 1),
(742, NULL, '2019-03-20 14:39:00', 21.8, 7, 0, 206, 0, 0, 0, 606.81, 0, 0, 300, 30, 20, 19.51, 456.66, 464.96, 100, 100, 54, 0, 89, 262.3576, 27, 0, 0.236, 100, 1, 1, 1),
(743, NULL, '2019-03-20 14:41:00', 21.8, 7, 0, 206, 0, 0, 0, 606, 0, 0, 300, 30, 20, 20.21, 456.66, 464.96, 100, 100, 75, 0, 63, 516.0629, 40, 0, 0.237, 100, 1, 1, 1),
(744, NULL, '2019-03-20 14:43:00', 21.8, 7, 0, 207, 0, 0, 0, 606.23, 0, 0, 300, 30, 20, 20.31, 458.61, 464.96, 100, 100, 71, 0, 127, 248.9685, 26, 0, 0.238, 100, 1, 1, 1),
(745, NULL, '2019-03-20 14:45:00', 21.8, 7.1, 0, 207, 0, 0, 0, 611.04, 0, 0, 300, 30, 20, 19.57, 458.61, 464.96, 100, 100, 82, 0, 114, 190.2742, 19, 0, 0.239, 100, 1, 1, 1),
(746, NULL, '2019-03-20 14:47:00', 21.8, 7.1, 0, 206, 0, 0, 0, 596.44, 0, 0, 300, 30, 20.02, 19.88, 458.61, 464.96, 100, 100, 42, 0, 142, 185.56414, 33, 0, 0.24, 100, 1, 1, 1),
(747, NULL, '2019-03-20 14:49:00', 21.8, 7.1, 0, 207, 0, 0, 0, 595.43, 0, 0, 300, 30, 20.23, 20.33, 458.61, 464.96, 100, 100, 59, 0, 194, 207.4833, 34, 0, 0.241, 100, 1, 1, 1),
(748, NULL, '2019-03-20 14:51:00', 21.8, 7.2, 0, 207, 0, 0, 0, 596.02, 0, 0, 300, 30, 20.23, 19.49, 458.61, 463.49, 100, 100, 61, 0, 133, 149.17864, 39, 0, 0.242, 100, 1, 1, 1),
(749, NULL, '2019-03-20 14:53:00', 21.8, 7.2, 0, 207, 0, 0, 0, 599.37, 0, 0, 300, 30, 20.23, 20.12, 458.61, 463.49, 100, 100, 78, 0, 123, 211.4561, 68, 0, 0.243, 100, 1, 1, 1),
(750, NULL, '2019-03-20 14:55:00', 21.9, 7.2, 0, 207, 0, 0, 0, 592.5, 0, 0, 300, 30, 20.23, 19.97, 458.61, 463.49, 100, 100, 0, 0, 165, 119.03884, 59, 0, 0.244, 100, 1, 1, 1),
(751, NULL, '2019-03-20 14:57:00', 21.8, 7.3, 0, 207, 0, 0, 0, 601.38, 0, 0, 300, 30, 20.23, 19.95, 458.61, 463.49, 100, 100, 0, 0, 135, 137.47798, 54, 0, 0.245, 100, 1, 1, 1),
(752, NULL, '2019-03-20 14:59:00', 21.8, 7.3, 0, 208, 0, 0, 0, 604.89, 0, 0, 300, 30, 20.23, 19.69, 458.61, 463.49, 100, 100, 63, 0, 114, 13.400369, 71, 0, 0.246, 100, 1, 1, 1),
(753, NULL, '2019-03-20 15:01:00', 21.8, 7.3, 0, 208, 0, 0, 0, 596.4, 0, 0, 300, 30, 20.23, 19.84, 458.61, 463.49, 100, 100, 49, 0, 110, 81.4806, 83, 0, 0.247, 100, 1, 1, 1),
(754, NULL, '2019-03-20 15:03:00', 21.8, 7.3, 0, 207, 0, 0, 0, 595.85, 0, 0, 300, 30, 20.23, 20.02, 458.61, 463.49, 100, 100, 89, 0, 133, 87.13611, 58, 0, 0.248, 100, 1, 1, 1),
(755, NULL, '2019-03-20 15:05:00', 21.8, 7.4, 0, 208, 0, 0, 0, 597.53, 0, 0, 300, 30, 20.23, 20.05, 458.61, 463.49, 100, 100, 86, 0, 108, 102.185, 46, 0, 0.249, 100, 1, 1, 1),
(756, NULL, '2019-03-20 15:07:00', 21.8, 7.4, 0, 207, 0, 0, 0, 605.05, 0, 0, 300, 30, 20.23, 20.05, 458.61, 463.49, 100, 100, 0, 0, 91, 137.4818, 35, 0, 0.25, 100, 1, 1, 1),
(757, NULL, '2019-03-20 15:09:00', 21.9, 7.4, 0, 208, 0, 0, 0, 598.9, 0, 0, 300, 30, 20.23, 20.05, 458.61, 463.49, 100, 100, 0, 0, 94, 16.536589, 29, 0, 0.251, 100, 1, 1, 1),
(758, NULL, '2019-03-20 15:11:00', 21.9, 7.4, 0, 209, 0, 0, 0, 589.29, 0, 0, 300, 30, 20.23, 20.15, 458.61, 463.49, 100, 100, 0, 0, 205, 68.08195, 30, 0, 0.252, 100, 1, 1, 1),
(759, NULL, '2019-03-20 15:13:00', 21.9, 7.5, 0, 209, 0, 0, 0, 585.51, 0, 0, 300, 30, 20.23, 19.7, 458.61, 463.49, 100, 100, 0, 0, 146, 199.8815, 18, 0, 0.253, 100, 1, 1, 1),
(760, NULL, '2019-03-20 15:15:00', 21.9, 7.5, 0, 208, 0, 0, 0, 580.99, 0, 0, 300, 30, 20.23, 19.86, 458.61, 463.49, 100, 100, 0, 0, 127, 495.1102, 27, 0, 0.254, 100, 1, 1, 1),
(761, NULL, '2019-03-20 15:17:00', 21.9, 7.5, 0, 209, 0, 0, 0, 586.69, 0, 0, 300, 30, 20.23, 19.95, 458.61, 463.49, 100, 100, 0, 0, 160, 243.8306, 21, 0, 0.255, 100, 1, 1, 1),
(762, NULL, '2019-03-20 15:19:00', 21.9, 7.6, 0, 209, 0, 0, 0, 589.79, 0, 0, 300, 30, 20.23, 20.11, 458.61, 463.49, 100, 100, 50, 0, 137, 197.7805, 39, 0, 0.256, 100, 1, 1, 1),
(763, NULL, '2019-03-20 15:21:00', 21.9, 7.6, 0, 209, 0, 0, 0, 578.68, 0, 0, 300, 30, 20.23, 20.04, 458.61, 463.49, 100, 100, 58, 0, 170, 237.2793, 48, 0, 0.257, 100, 1, 1, 1),
(764, NULL, '2019-03-20 15:23:00', 21.9, 7.6, 0, 209, 0, 0, 0, 576.93, 0, 0, 300, 30, 20.23, 19.86, 458.61, 463.49, 100, 100, 45, 0, 184, 220.7387, 45, 0, 0.258, 100, 1, 1, 1),
(765, NULL, '2019-03-20 15:25:00', 21.9, 7.7, 0, 209, 0, 0, 0, 581.45, 0, 0, 300, 30, 20.23, 19.92, 458.61, 463.49, 100, 100, 47, 0, 184, 257.1815, 36, 0, 0.259, 100, 1, 1, 1),
(766, NULL, '2019-03-20 15:27:00', 21.9, 7.7, 0, 209, 0, 0, 0, 578.28, 0, 0, 300, 30, 20.23, 20.09, 458.61, 463.49, 100, 100, 48, 0, 176, 257.6781, 37, 0, 0.26, 100, 1, 1, 1),
(767, NULL, '2019-03-20 15:29:00', 21.9, 7.7, 0, 211, 0, 0, 0, 580.29, 0, 0, 300, 30, 20.23, 20.04, 458.61, 463.49, 100, 100, 34, 0, 86, 285.5068, 48, 0, 0.261, 100, 1, 1, 1),
(768, NULL, '2019-03-20 15:31:00', 21.9, 7.8, 0, 210, 0, 0, 0, 583.67, 0, 0, 300, 30, 20.23, 19.84, 458.61, 463.49, 100, 100, 49, 0, 120, 206.6047, 50, 0, 0.262, 100, 1, 1, 1),
(769, NULL, '2019-03-20 15:33:00', 21.9, 7.8, 0, 210, 0, 0, 0, 578.69, 0, 0, 300, 30, 20.23, 19.84, 458.61, 463.49, 100, 100, 40, 0, 76, 323.8596, 66, 0, 0.263, 100, 1, 1, 1),
(770, NULL, '2019-03-20 15:35:00', 21.9, 7.8, 0, 209, 0, 0, 0, 607.89, 0, 0, 300, 30, 20.23, 19.94, 458.61, 463.49, 100, 100, 54, 0, 145, 173.53687, 64, 0, 0.264, 100, 1, 1, 1),
(771, NULL, '2019-03-20 15:37:00', 21.9, 7.8, 0, 210, 0, 0, 0, 584.68, 0, 0, 300, 30, 20.23, 20.07, 458.61, 463.49, 100, 100, 94, 0, 131, 356.1195, 47, 0, 0.265, 100, 1, 1, 1),
(772, NULL, '2019-03-20 15:39:00', 21.9, 7.9, 0, 208, 0, 0, 0, 579.8, 0, 0, 300, 30, 20.23, 20.07, 458.61, 463.49, 100, 100, 58, 0, 157, 390.1366, 29, 0, 0.266, 100, 1, 1, 1),
(773, NULL, '2019-03-20 15:41:00', 21.9, 7.9, 0, 209, 0, 0, 0, 565.62, 0.13, 0.13, 300, 30, 20.23, 20.07, 458.61, 463.49, 100, 100, 32, 0, 171, 369.2412, 34, 0, 0.267, 100, 1, 1, 1),
(774, NULL, '2019-03-20 15:43:00', 21.9, 7.9, 0, 209, 0, 0, 0, 564.53, 0, 0, 300, 30, 20.23, 19.98, 458.61, 463.49, 100, 100, 34, 0, 159, 185.05417, 67, 0, 0.268, 100, 1, 1, 1),
(775, NULL, '2019-03-20 15:45:00', 21.9, 7.9, 0, 210, 0, 0, 0, 574.53, 0, 0, 300, 30, 20.23, 19.97, 458.61, 463.49, 100, 100, 63, 0, 101, 361.6776, 70, 0, 0.269, 100, 1, 1, 1),
(776, NULL, '2019-03-20 15:47:00', 22, 8, 0, 211, 0, 0, 0, 597.25, 0, 0, 300, 30, 20.23, 20.05, 458.61, 463.49, 100, 100, 80, 0, 172, 275.8804, 76, 0, 0.27, 100, 1, 1, 1),
(777, NULL, '2019-03-20 15:49:00', 22, 8, 0, 210, 0, 0, 0, 574.13, 0.15, 0.15, 300, 30, 20.23, 20.05, 458.61, 463.49, 100, 100, 118, 0, 190, 121.87901, 71, 0, 0.271, 100, 1, 1, 1),
(778, NULL, '2019-03-20 15:51:00', 21.9, 8, 0, 209, 0, 0, 0, 585.74, 0, 0, 300, 30, 20.23, 20.05, 458.61, 463.49, 100, 100, 72, 0, 108, 189.93422, 37, 0, 0.272, 100, 1, 1, 1),
(779, NULL, '2019-03-20 15:53:00', 21.9, 8.1, 0, 210, 0, 0, 0, 574.91, 0, 0, 300, 30, 20.23, 20.05, 458.61, 463.49, 100, 100, 46, 0, 149, 225.2463, 31, 0, 0.273, 100, 1, 1, 1),
(780, NULL, '2019-03-20 15:55:00', 21.9, 8.1, 0, 211, 0, 0, 0, 570.29, 0, 0, 300, 30, 20.23, 20.05, 458.61, 463.49, 100, 100, 45, 0, 174, 200.2444, 42, 0, 0.274, 100, 1, 1, 1),
(781, NULL, '2019-03-20 15:57:00', 22, 8.1, 0, 212, 0, 0, 0, 572.27, 0, 0, 300, 30, 20.23, 20.05, 458.61, 463.49, 100, 100, 54, 0, 147, 251.0504, 41, 0, 0.275, 100, 1, 1, 1),
(782, NULL, '2019-03-20 15:59:00', 22, 8.1, 0, 211, 0, 0, 0, 603.95, 0, 0, 300, 30, 20.23, 20.05, 458.61, 463.49, 100, 100, 59, 0, 160, 452.0206, 36, 0, 0.276, 100, 1, 1, 1),
(783, NULL, '2019-03-20 16:01:00', 22, 8.2, 0, 212, 0, 0, 0, 565.3, 0, 0, 300, 30, 20.23, 20.05, 458.61, 463.49, 100, 100, 52, 0, 155, 396.134, 44, 0, 0.277, 100, 1, 1, 1),
(784, NULL, '2019-03-20 16:03:00', 22, 8.2, 0, 212, 0, 0, 0, 585.33, 0, 0, 300, 30, 20.23, 20.05, 458.61, 463.49, 100, 100, 63, 0, 135, 414.8711, 27, 0, 0.278, 100, 1, 1, 1),
(785, NULL, '2019-03-20 16:05:00', 22, 8.2, 0, 212, 0, 0, 0, 599.46, 0, 0, 300, 30, 20.23, 20.05, 458.61, 463.49, 100, 100, 70, 0, 83, 425.9873, 37, 0, 0.279, 100, 1, 1, 1),
(786, NULL, '2019-03-20 16:07:00', 22, 8.2, 0, 211, 0, 0, 0, 615.04, 0.11, 0.11, 300, 30, 20.23, 20.05, 458.61, 463.49, 100, 100, 55, 0, 101, 468.905, 28, 0, 0.28, 100, 1, 1, 1),
(787, NULL, '2019-03-20 16:09:00', 22, 8.3, 0, 211, 0, 0, 0, 579.41, 0, 0, 300, 30, 20.23, 20.05, 458.61, 463.49, 100, 100, 40, 0, 198, 439.9685, 18, 0, 0.281, 100, 1, 1, 1),
(788, NULL, '2019-03-20 16:11:00', 22, 8.3, 0, 214, 0, 0, 0, 576.1, 0, 0, 300, 30, 20.23, 20.05, 458.61, 463.49, 100, 100, 41, 0, 178, 390.1175, 20, 0, 0.282, 100, 1, 1, 1),
(789, NULL, '2019-03-20 16:13:00', 22, 8.3, 0, 213, 0, 0, 0, 578.6, 0, 0, 300, 30, 20.23, 20.05, 458.61, 463.49, 100, 100, 64, 0, 191, 99.6447, 16, 0, 0.283, 100, 1, 1, 1),
(790, NULL, '2019-03-20 16:15:00', 22.1, 8.3, 0, 212, 0, 0, 0, 575.45, 0, 0, 300, 30, 20.23, 20.05, 458.61, 463.49, 100, 100, 60, 0, 141, 355.4128, 24, 0, 0.284, 100, 1, 1, 1),
(791, NULL, '2019-03-20 16:17:00', 22, 8.4, 0, 213, 0, 0, 0, 584.87, 0, 0, 300, 30, 20.39, 20.05, 458.61, 463.49, 100, 100, 81, 0, 121, 106.99056, 54, 0, 0.285, 100, 1, 1, 1),
(792, NULL, '2019-03-20 16:19:00', 22, 8.4, 0, 213, 0, 0, 0, 578.09, 0, 0, 300, 30, 20.45, 20.05, 458.61, 463.49, 100, 100, 84, 0, 161, 52.36647, 39, 0, 0.286, 100, 1, 1, 1),
(793, NULL, '2019-03-20 16:21:00', 22.1, 8.4, 0, 213, 0, 0, 0, 583.53, 0, 0, 300, 30, 20.45, 20.05, 458.61, 463.49, 100, 100, 78, 0, 112, 127.78855, 31, 0, 0.287, 100, 1, 1, 1),
(794, NULL, '2019-03-20 16:23:00', 22.1, 8.4, 0, 213, 0, 0, 0, 582.63, 0, 0, 300, 30, 20.45, 20.05, 458.61, 463.49, 100, 100, 59, 0, 155, 91.28081, 13, 0, 0.288, 100, 1, 1, 1),
(795, NULL, '2019-03-20 16:25:00', 22.1, 8.5, 0, 214, 0, 0, 0, 576.95, 0, 0, 300, 30, 20.45, 20.05, 458.61, 463.49, 100, 100, 36, 0, 114, 159.8288, 19, 0, 0.289, 100, 1, 1, 1),
(796, NULL, '2019-03-20 16:27:00', 22.1, 8.5, 0, 214, 0, 0, 0, 573.62, 0, 0, 300, 30, 20.45, 20.05, 458.61, 463.49, 100, 100, 72, 0, 125, 186.38353, 25, 0, 0.29, 100, 1, 1, 1),
(797, NULL, '2019-03-20 16:29:00', 22.1, 8.5, 0, 215, 0, 0, 0, 580.77, 0, 0, 300, 30, 20.45, 20.05, 458.61, 463.49, 100, 100, 67, 0, 141, 154.17902, 36, 0, 0.291, 100, 1, 1, 1),
(798, NULL, '2019-03-20 16:31:00', 22.1, 8.5, 0, 214, 0, 0, 0, 579.78, 0, 0, 300, 30, 20.45, 20.05, 458.61, 463.49, 100, 100, 85, 0, 110, 151.77433, 28, 0, 0.292, 100, 1, 1, 1),
(799, NULL, '2019-03-20 16:33:00', 22.2, 8.6, 0, 214, 0, 0, 0, 577.43, 0, 0, 300, 30, 20.45, 20.05, 458.61, 463.49, 100, 100, 81, 0, 83, 321.9687, 35, 0, 0.293, 100, 1, 1, 1),
(800, NULL, '2019-03-20 16:35:00', 22.2, 8.6, 0, 214, 0, 0, 0, 581.06, 0, 0, 300, 30, 20.45, 20.05, 460.07, 463.49, 100, 100, 48, 0, 142, 285.6596, 28, 0, 0.294, 100, 1, 1, 1),
(801, NULL, '2019-03-20 16:37:00', 22.1, 8.6, 0, 215, 0, 0, 0, 583.98, 0, 0, 300, 30, 20.45, 20.05, 468.38, 463.49, 100, 100, 64, 0, 220, 372.9466, 15, 0, 0.295, 100, 1, 1, 1),
(802, NULL, '2019-03-20 16:39:00', 22.2, 8.6, 0, 215, 0, 0, 0, 573.48, 0, 0, 300, 30, 20.45, 20.05, 456.17, 463.49, 100, 100, 32, 0, 167, 411.4904, 24, 0, 0.296, 100, 1, 1, 1),
(803, NULL, '2019-03-20 16:41:00', 22.2, 8.7, 0, 214, 0, 0, 0, 585.26, 0, 0, 300, 30, 20.45, 20.05, 467.4, 463.49, 100, 100, 54, 0, 169, 282.1643, 21, 0, 0.297, 100, 1, 1, 1),
(804, NULL, '2019-03-20 16:43:00', 22.2, 8.7, 0, 216, 0, 0, 0, 579.08, 0, 0, 300, 30, 20.45, 20.05, 457.14, 463.49, 100, 100, 60, 0, 196, 356.979, 21, 0, 0.298, 100, 1, 1, 1),
(805, NULL, '2019-03-20 16:45:00', 22.2, 8.7, 0, 215, 0, 0, 0, 577.38, 0, 0, 300, 30, 20.45, 20.05, 457.14, 463.49, 100, 100, 79, 0, 175, 438.4978, 41, 0, 0.299, 100, 1, 1, 1),
(806, NULL, '2019-03-20 16:47:00', 22.3, 8.7, 0, 215, 0, 0, 0, 577.13, 0, 0, 300, 30, 20.45, 20.05, 467.4, 463.49, 100, 100, 83, 0, 176, 318.1487, 18, 0, 0.3, 100, 1, 1, 1),
(807, NULL, '2019-03-20 16:49:00', 22.3, 8.7, 0, 216, 0, 0, 0, 581.87, 0, 0, 300, 30, 20.45, 20.05, 467.4, 463.49, 100, 100, 75, 0, 183, 392.1803, 12, 0, 0.301, 100, 1, 1, 1),
(808, NULL, '2019-03-20 16:51:00', 22.2, 8.8, 0, 217, 0, 0, 0, 575.3, 0, 0, 300, 30, 20.6, 20.05, 467.4, 463.49, 100, 100, 50, 0, 171, 454.6755, 17, 0, 0.302, 100, 1, 1, 1),
(809, NULL, '2019-03-20 16:53:00', 22.3, 8.8, 0, 216, 0, 0, 0, 572.04, 0, 0, 300, 30, 20.68, 20.05, 467.4, 463.49, 100, 100, 22, 0, 167, 184.74857, 15, 0, 0.303, 100, 1, 1, 1),
(810, NULL, '2019-03-20 16:55:00', 22.3, 8.8, 0, 216, 0, 0, 0, 572.44, 0, 0, 300, 30, 20.68, 20.05, 467.4, 463.49, 100, 100, 50, 0, 180, 308.3122, 28, 0, 0.304, 100, 1, 1, 1),
(811, NULL, '2019-03-20 16:57:00', 22.3, 8.8, 0, 217, 0, 0, 0, 583.9, 0, 0, 300, 30, 20.68, 20.05, 467.4, 463.49, 100, 100, 55, 0, 144, 113.65646, 27, 0, 0.305, 100, 1, 1, 1),
(812, NULL, '2019-03-20 16:59:00', 22.3, 8.8, 0, 217, 0, 0, 0, 576.34, 0, 0, 300, 30, 20.68, 20.05, 467.4, 463.49, 100, 100, 69, 0, 127, 128.14381, 33, 0, 0.306, 100, 1, 1, 1),
(813, NULL, '2019-03-20 17:01:00', 22.4, 8.9, 0, 217, 0, 0, 0, 574.49, 0, 0, 300, 30, 20.68, 20.05, 467.4, 463.49, 100, 100, 83, 0, 108, 286.5955, 24, 0, 0.307, 100, 1, 1, 1),
(814, NULL, '2019-03-20 17:03:00', 22.4, 8.9, 0, 218, 0, 0, 0, 570.12, 0, 0, 300, 30, 20.68, 20.05, 467.4, 463.49, 100, 100, 83, 0, 114, 53.64617, 24, 0, 0.308, 100, 1, 1, 1),
(815, NULL, '2019-03-20 17:05:00', 22.4, 8.9, 0, 218, 0, 0, 0, 575.76, 0, 0, 300, 30, 20.68, 20.05, 467.4, 463.49, 100, 100, 58, 0, 110, 93.06093, 17, 0, 0.309, 100, 1, 1, 1),
(816, NULL, '2019-03-20 17:07:00', 22.4, 8.9, 0, 218, 0, 0, 0, 583.01, 0, 0, 300, 30, 20.68, 20.05, 467.4, 463.49, 100, 100, 40, 0, 115, 154.24587, 27, 0, 0.31, 100, 1, 1, 1),
(817, NULL, '2019-03-20 17:09:00', 22.4, 8.9, 0, 217, 0, 0, 0, 576.3, 0, 0, 300, 30, 20.68, 20.05, 467.4, 463.49, 100, 100, 59, 0, 141, 179.84751, 42, 0, 0.311, 100, 1, 1, 1),
(818, NULL, '2019-03-20 17:11:00', 22.5, 9, 0, 218, 0, 0, 0, 574.1, 0, 0, 300, 30, 20.68, 20.05, 467.4, 463.49, 100, 100, 72, 0, 110, 293.3187, 49, 0, 0.312, 100, 1, 1, 1),
(819, NULL, '2019-03-20 17:13:00', 22.5, 9, 0, 218, 0, 0, 0, 571.65, 0, 0, 300, 30, 20.68, 20.05, 467.4, 463.49, 100, 100, 58, 0, 121, 369.3367, 33, 0, 0.313, 100, 1, 1, 1),
(820, NULL, '2019-03-20 17:15:00', 22.5, 9, 0, 218, 0, 0, 0, 573.58, 0, 0, 300, 30, 20.68, 20.05, 467.4, 463.49, 100, 100, 63, 0, 83, 299.7172, 48, 0, 0.314, 100, 1, 1, 1),
(821, NULL, '2019-03-20 17:17:00', 22.5, 9, 0, 218, 0, 0, 0, 563.65, 0, 0, 300, 30, 20.68, 20.05, 457.14, 463.49, 100, 100, 61, 0, 94, 214.3402, 30, 0, 0.315, 100, 1, 1, 1),
(822, NULL, '2019-03-20 17:19:00', 22.5, 9, 0, 219, 0, 0, 0, 567.78, 0, 0, 300, 30, 20.68, 20.05, 457.14, 463.49, 100, 100, 47, 0, 143, 249.5033, 9, 0, 0.316, 100, 1, 1, 1),
(823, NULL, '2019-03-20 17:21:00', 22.5, 9, 0, 219, 0, 0, 0, 575.96, 0, 0, 300, 30, 20.68, 20.05, 457.14, 463.49, 100, 100, 32, 0, 105, 421.6516, 33, 0, 0.317, 100, 1, 1, 1),
(824, NULL, '2019-03-20 17:23:00', 22.6, 9.1, 0, 219, 0, 0, 0, 569.91, 0, 0, 300, 30, 20.68, 20.05, 457.14, 463.49, 100, 100, 64, 0, 94, 149.16718, 26, 0, 0.318, 100, 1, 1, 1),
(825, NULL, '2019-03-20 17:25:00', 22.6, 9.1, 0, 219, 0, 0, 0, 570.83, 0, 0, 300, 30, 20.68, 20.05, 468.87, 463.49, 100, 100, 52, 0, 115, 168.3856, 39, 0, 0.319, 100, 1, 1, 1),
(826, NULL, '2019-03-20 17:27:00', 22.6, 9.1, 0, 220, 0, 0, 0, 546.31, 0, 0, 300, 30, 20.68, 20.05, 467.4, 463.49, 100, 100, 34, 0, 101, 573.0764, 46, 0, 0.32, 100, 1, 1, 1),
(827, NULL, '2019-03-20 17:29:00', 22.6, 9.1, 0, 219, 0, 0, 0, 543.93, 0, 0, 300, 30, 20.68, 20.05, 456.17, 463.49, 100, 100, 59, 0, 94, 302.8114, 48, 0, 0.321, 100, 1, 1, 1),
(828, NULL, '2019-03-20 17:31:00', 22.5, 13.1, 7, 256, 0, 0, 0, 533.07, 0, 0, 300, 30, 20.68, 20.05, 456.17, 463.49, 100, 100, 48, 0, 114, 438.918, 22, 0, 0.322, 100, 1, 1, 1),
(829, NULL, '2019-03-20 17:33:00', 22.5, 22, 24, 379, 0, 0, 0, 546.95, 0, 0, 300, 30, 20.68, 20.05, 456.17, 463.49, 100, 100, 57, 0, 132, 286.5764, 15, 0, 0.323, 100, 1, 1, 1),
(830, NULL, '2019-03-20 17:35:00', 22.5, 22.2, 26, 406, 0, 0, 0, 536.95, 0, 0, 300, 30, 20.68, 20.05, 456.17, 463.49, 100, 100, 31, 0, 76, 197.7614, 26, 0, 0.324, 100, 1, 1, 1),
(831, NULL, '2019-03-20 17:37:00', 21.9, 23.4, 33, 428, 0, 0, 0, 539.16, 0, 0, 300, 30, 20.68, 20.05, 456.17, 463.49, 100, 100, 20, 0, 96, 606.3104, 24, 0, 0.325, 100, 1, 1, 1),
(832, NULL, '2019-03-20 17:39:00', 21.7, 23.6, 120, 425, 0, 0, 0, 532.83, 0, 0, 300, 30, 20.68, 20.05, 456.17, 463.49, 100, 100, 65, 0, 124, 214.493, 29, 0, 0.326, 100, 1, 1, 1),
(833, NULL, '2019-03-20 17:41:00', 21.5, 23.3, 290, 415, 0, 0, 0, 536.5, 0, 0, 300, 30, 20.68, 20.05, 456.17, 463.49, 100, 100, 39, 0, 96, 175.68753, 27, 0, 0.327, 100, 1, 1, 1),
(834, NULL, '2019-03-20 17:43:00', 21.4, 23, 477, 406, 0, 0, 0, 541.23, 0, 0, 300, 30, 20.68, 20.05, 466.42, 463.49, 100, 100, 55, 0, 105, 257.5635, 30, 0, 0.328, 100, 1, 1, 1),
(835, NULL, '2019-03-20 17:45:00', 21.3, 22.8, 591, 400, 0, 0, 0, 537.93, 0, 0, 300, 30, 20.68, 20.05, 463.49, 463.49, 100, 100, 48, 0, 108, 174.81084, 21, 0, 0.329, 100, 1, 1, 1),
(836, NULL, '2019-03-20 17:47:00', 21.2, 22.9, 603, 398, 0, 0, 0, 532.05, 0, 0, 300, 30, 20.68, 20.05, 453.24, 463.49, 100, 100, 37, 0, 97.21, 15.3, 17, 0, NULL, 100, 1, 1, 1),
(837, NULL, '2019-03-20 17:49:00', 21.2, 22.9, 605, 398, 0, 0, 0, 541.8, 0, 0, 300, 30, 20.68, 20.05, 464.96, 463.49, 100, 100, 44, 0, 96.69, 15.3, 16, 0, NULL, 100, 1, 1, 1),
(838, NULL, '2019-03-20 17:51:00', 21.2, 22.9, 608, 397, 0, 0, 0, 545.2, 0, 0, 300, 30, 20.68, 20.05, 464.96, 463.49, 100, 100, 84, 0, 215.6, 15.3, 74, 0, NULL, 100, 1, 1, 1),
(839, NULL, '2019-03-20 17:53:00', 21.1, 22.8, 611, 396, 0, 0, 0, 541.19, 0, 0, 300, 30, 20.68, 20.05, 464.96, 463.49, 100, 100, 74, 0, 108.01, 15.3, 0, 0, NULL, 100, 1, 1, 1),
(840, NULL, '2019-03-20 17:55:00', 21.1, 22.8, 612, 395, 0, 0, 0, 545.13, 0, 0, 300, 30, 20.68, 20.05, 464.96, 463.49, 100, 100, 67, 0, 169.45, 15.3, 36, 0, NULL, 100, 1, 1, 1),
(841, NULL, '2019-03-20 17:57:00', 21.1, 22.8, 617, 396, 0, 0, 0, 544.83, 0, 0, 300, 30, 20.68, 20.05, 464.96, 463.49, 100, 100, 85, 0, 186.93, 15.3, 40, 0, NULL, 100, 1, 1, 1),
(842, NULL, '2019-03-20 17:59:00', 21.1, 22.8, 617, 395, 0, 0, 0, 534.36, 0, 0, 300, 30, 20.68, 20.05, 464.96, 463.49, 100, 100, 87, 0, 212.41, 15.3, 31, 0, NULL, 100, 1, 1, 1),
(843, NULL, '2019-03-20 18:01:00', 21.1, 22.7, 614, 396, 0, 0, 0, 538.74, 0, 0, 300, 30, 20.87, 20.05, 464.96, 463.49, 100, 100, 62, 0, 249.39, 15.3, 31, 0, NULL, 100, 1, 1, 1),
(844, NULL, '2019-03-20 18:03:00', 21.2, 22.6, 604, 395, 0, 0, 0, 542.1, 0, 0, 300, 30, 20.93, 20.05, 464.96, 463.49, 100, 100, 32, 0, 128.44, 15.3, 28, 0, NULL, 100, 1, 1, 1),
(845, NULL, '2019-03-20 18:05:00', 21.1, 22.6, 631, 395, 0, 0, 0, 537.33, 0, 0, 300, 30, 20.93, 20.05, 464.96, 463.49, 100, 100, 46, 0, 110.12, 15.3, 15, 0, NULL, 100, 1, 1, 1),
(846, NULL, '2019-03-20 18:07:00', 21.1, 22.6, 635, 394, 0, 0, 0, 533.23, 0, 0, 300, 30, 20.93, 20.05, 464.96, 463.49, 100, 100, 28, 0, 313.37, 15.3, 21, 0, NULL, 100, 1, 1, 1),
(847, NULL, '2019-03-20 18:09:00', 21.1, 22.6, 635, 394, 0, 0, 0, 533.63, 0, 0, 300, 30, 20.93, 20.05, 464.96, 463.49, 100, 100, 49, 0, 154.74, 15.3, 16, 0, NULL, 100, 1, 1, 1),
(848, NULL, '2019-03-20 18:11:00', 21.1, 22.6, 635, 393, 0, 0, 0, 543.43, 0, 0, 300, 30, 20.93, 20.05, 464.96, 463.49, 100, 100, 63, 0, 458.4, 15.3, 22, 0, NULL, 100, 1, 1, 1),
(849, NULL, '2019-03-20 18:13:00', 21.1, 22.6, 638, 393, 0, 0, 0, 542, 0, 0, 300, 30, 20.93, 20.05, 464.96, 463.49, 100, 100, 46, 0, 95.5, 15.3, 21, 0, NULL, 100, 1, 1, 1),
(850, NULL, '2019-03-20 18:15:00', 21.1, 22.6, 637, 392, 0, 0, 0, 538.22, 0, 0, 300, 30, 20.93, 20.05, 464.96, 463.49, 100, 100, 30, 0, 103.24, 15.3, 21, 0, NULL, 100, 1, 1, 1),
(851, NULL, '2019-03-20 18:17:00', 21.1, 22.5, 636, 393, 0, 0, 0, 545.24, 0, 0, 300, 30, 20.93, 20.05, 464.96, 463.49, 100, 100, 26, 0, 152.42, 15.3, 25, 0, NULL, 100, 1, 1, 1),
(852, NULL, '2019-03-20 18:19:00', 21.1, 22.5, 639, 393, 0, 0, 0, 541.36, 0, 0, 300, 30, 20.93, 20.05, 464.96, 463.49, 100, 100, 43, 0, 63.85, 15.3, 29, 0, NULL, 100, 1, 1, 1),
(853, NULL, '2019-03-20 18:21:00', 21.1, 22.5, 639, 393, 0, 0, 0, NULL, NULL, NULL, 0, 30, 20.93, 20.05, 464.96, 463.49, 100, 100, 30, 0, 164.93, 15.3, 33, 0, NULL, 100, 1, 1, 1),
(854, NULL, '2019-03-20 18:23:00', 21.1, 22.4, 642, 393, 0, 0, 0, NULL, NULL, NULL, 0, 30, 20.93, 20.05, 464.96, 463.49, 100, 100, 48, 0, 211.38, 15.3, 24, 0, NULL, 100, 1, 1, 1),
(855, NULL, '2019-03-20 18:25:00', 21.1, 22.4, 644, 393, 0, 0, 0, NULL, NULL, NULL, 0, 30, 20.93, 20.05, 454.7, 463.49, 100, 100, 78, 0, 400.93, 15.3, 29, 0, NULL, 100, 1, 1, 1),
(856, NULL, '2019-03-20 18:27:00', 21.2, 22.3, 642, 393, 0, 0, 0, NULL, NULL, NULL, 0, 30, 20.93, 20.05, 466.42, 463.49, 100, 100, 61, 0, 377.3, 15.3, 32, 0, NULL, 100, 1, 1, 1),
(857, NULL, '2019-03-20 18:29:00', 21.2, 22.3, 640, 394, 0, 0, 0, NULL, NULL, NULL, 0, 30, 20.93, 20.05, 466.42, 463.49, 100, 100, 49, 0, 344.05, 15.3, 30, 0, NULL, 100, 1, 1, 1),
(858, NULL, '2019-03-20 18:31:00', 21.2, 22.2, 642, 393, 0, 0, 0, NULL, NULL, NULL, 0, 30, 20.93, 20.05, 466.42, 463.49, 100, 100, 31, 0, 505.92, 15.3, 27, 0, NULL, 100, 1, 1, 1),
(859, NULL, '2019-03-20 18:33:00', 21.2, 22.2, 644, 393, 0, 0, 0, NULL, NULL, NULL, 0, 30, 20.93, 20.05, 466.42, 463.49, 100, 100, 64, 0, 470.2, 15.3, 35, 0, NULL, 100, 1, 1, 1),
(860, NULL, '2019-03-20 18:35:00', 21.3, 22.1, 645, 392, 0, 0, 0, NULL, NULL, NULL, 0, 30, 20.93, 20.05, 466.42, 463.49, 100, 100, 55, 0, 337.92, 15.3, 50, 0, NULL, 100, 1, 1, 1),
(861, NULL, '2019-03-20 18:37:00', 21.3, 22.1, 647, 392, 0, 0, 0, NULL, NULL, NULL, 0, 30, 20.93, 20.05, 466.42, 463.49, 100, 100, 72, 0, 844.39, 15.3, 30, 0, NULL, 100, 1, 1, 1),
(862, NULL, '2019-03-20 18:39:00', 21.3, 22, 646, 392, 0, 0, 0, NULL, NULL, NULL, 0, 30, 20.93, 20.05, 466.42, 463.49, 100, 100, 65, 0, 280.46, 15.3, 35, 0, NULL, 100, 1, 1, 1),
(863, NULL, '2019-03-20 18:41:00', 21.3, 22, 645, 392, 0, 0, 0, NULL, NULL, NULL, 0, 30, 20.75, 20.05, 466.42, 463.49, 100, 100, 63, 0, 200.61, 15.3, 26, 0, NULL, 100, 1, 1, 1),
(864, NULL, '2019-03-20 18:43:00', 21.3, 21.9, 647, 392, 0, 0, 0, NULL, NULL, NULL, 0, 30, 20.73, 20.05, 466.42, 463.49, 100, 100, 42, 0, 183.99, 15.3, 16, 0, NULL, 100, 1, 1, 1),
(865, NULL, '2019-03-20 18:45:00', 21.3, 21.9, 650, 391, 0, 0, 0, NULL, NULL, NULL, 0, 30, 20.73, 20.05, 455.19, 463.49, 100, 100, 31, 0, 499.45, 15.3, 22, 0, NULL, 100, 1, 1, 1),
(866, NULL, '2019-03-20 18:47:00', 21.3, 21.9, 648, 391, 0, 0, 0, NULL, NULL, NULL, 0, 30, 20.73, 20.05, 455.19, 463.49, 100, 100, 41, 0, 274.03, 15.3, 29, 0, NULL, 100, 1, 1, 1),
(867, NULL, '2019-03-20 18:49:00', 21.3, 21.8, 654, 391, 0, 0, 0, NULL, NULL, NULL, 0, 30, 20.73, 20.05, 465.45, 463.49, 100, 100, 38, 0, 288.6, 15.3, 33, 0, NULL, 100, 1, 1, 1),
(868, NULL, '2019-03-20 18:51:00', 21.4, 21.8, 650, 391, 0, 0, 0, NULL, NULL, NULL, 0, 30, 20.73, 20.05, 465.45, 463.49, 100, 100, 50, 0, 102.3, 15.3, 30, 0, NULL, 100, 1, 1, 1),
(869, NULL, '2019-03-20 18:53:00', 21.4, 21.8, 652, 391, 0, 0, 0, NULL, NULL, NULL, 0, 30, 20.73, 20.05, 465.45, 463.49, 100, 100, 40, 0, 261.98, 15.3, 28, 0, NULL, 100, 1, 1, 1),
(870, NULL, '2019-03-20 18:55:00', 21.4, 21.7, 652, 391, 0, 0, 0, NULL, NULL, NULL, 0, 30, 20.73, 20.05, 465.45, 463.49, 100, 100, 50, 0, 337.73, 15.3, 21, 0, NULL, 100, 1, 1, 1),
(871, NULL, '2019-03-20 18:57:00', 21.4, 21.7, 653, 391, 0, 0, 0, NULL, NULL, NULL, 0, 30, 20.73, 20.05, 465.45, 463.49, 100, 100, 52, 0, 114.42, 15.3, 11, 0, NULL, 100, 1, 1, 1),
(872, NULL, '2019-03-20 18:59:00', 21.4, 21.7, 652, 392, 0, 0, 0, NULL, NULL, NULL, 0, 30, 20.73, 20.05, 465.45, 463.49, 100, 100, 32, 0, 107.58, 15.3, 11, 0, NULL, 100, 1, 1, 1),
(873, NULL, '2019-03-20 19:01:00', 21.4, 21.6, 653, 394, 0, 0, 0, NULL, NULL, NULL, 0, 30, 20.73, 20.05, 465.45, 463.49, 100, 100, 55, 0, 124.68, 15.3, 16, 0, NULL, 100, 1, 1, 1),
(874, NULL, '2019-03-20 19:03:00', 21.4, 21.6, 655, 392, 0, 0, 0, NULL, NULL, NULL, 0, 30, 20.73, 20.05, 465.45, 463.49, 100, 100, 50, 0, 126.54, 15.3, 18, 0, NULL, 100, 1, 1, 1),
(875, NULL, '2019-03-20 19:05:00', 21.4, 21.6, 654, 392, 0, 0, 0, NULL, NULL, NULL, 0, 30, 20.73, 20.05, 465.45, 463.49, 100, 100, 60, 0, 168.13, 15.3, 41, 0, NULL, 100, 1, 1, 1),
(876, NULL, '2019-03-20 19:07:00', 21.4, 21.5, 656, 393, 0, 0, 0, NULL, NULL, NULL, 0, 30, 20.73, 20.05, 465.45, 463.49, 100, 100, 47, 0, 256.05, 15.3, 32, 0, NULL, 100, 1, 1, 1),
(877, NULL, '2019-03-20 19:09:00', 21.5, 21.5, 655, 393, 0, 0, 0, NULL, NULL, NULL, 0, 30, 20.73, 20.05, 465.45, 463.49, 100, 100, 60, 0, 118.32, 15.3, 31, 0, NULL, 100, 1, 1, 1),
(878, NULL, '2019-03-20 19:11:00', 21.5, 21.5, 656, 393, 0, 0, 0, NULL, NULL, NULL, 0, 30, 20.73, 20.05, 455.19, 463.49, 100, 100, 29, 0, 397.8, 15.3, 32, 0, NULL, 100, 1, 1, 1),
(879, NULL, '2019-03-20 19:13:00', 21.5, 21.4, 656, 393, 0, 0, 0, NULL, NULL, NULL, 0, 30, 20.73, 20.05, 467.4, 463.49, 100, 100, 24, 0, 239.97, 15.3, 30, 0, NULL, 100, 1, 1, 1),
(880, NULL, '2019-03-20 19:15:00', 21.5, 21.4, 656, 392, 0, 0, 0, NULL, NULL, NULL, 0, 30, 20.73, 20.05, 467.4, 463.49, 100, 100, 39, 0, 193.62, 15.3, 28, 0, NULL, 100, 1, 1, 1),
(881, NULL, '2019-03-20 19:17:00', 21.5, 21.4, 656, 394, 0, 0, 0, NULL, NULL, NULL, 0, 30, 20.73, 20.05, 455.68, 463.49, 100, 100, 66, 0, 318.02, 15.3, 25, 0, NULL, 100, 1, 1, 1),
(882, NULL, '2019-03-20 19:19:00', 21.5, 21.4, 658, 394, 0, 0, 0, NULL, NULL, NULL, 0, 30, 20.73, 20.05, 455.68, 463.49, 100, 100, 60, 0, 205.67, 15.3, 25, 0, NULL, 100, 1, 1, 1),
(883, NULL, '2019-03-20 19:21:00', 21.5, 21.3, 655, 393, 0, 0, 0, NULL, NULL, NULL, 0, 30, 20.73, 20.05, 455.68, 463.49, 100, 100, 63, 0, 175.42, 15.3, 25, 0, NULL, 100, 1, 1, 1),
(884, NULL, '2019-03-20 19:23:00', 21.5, 21.3, 657, 391, 0, 0, 0, NULL, NULL, NULL, 0, 30, 20.73, 20.05, 455.68, 463.49, 100, 100, 52, 0, 169.14, 15.3, 25, 0, NULL, 100, 1, 1, 1),
(885, NULL, '2019-03-20 19:25:00', 21.5, 21.3, 660, 392, 0, 0, 0, NULL, NULL, NULL, 0, 30, 20.73, 20.05, 465.94, 463.49, 100, 100, 34, 0, 145.56, 15.3, 31, 0, NULL, 100, 1, 1, 1),
(886, NULL, '2019-03-20 19:27:00', 21.5, 21.3, 661, 393, 0, 0, 0, NULL, NULL, NULL, 0, 30, 20.73, 20.05, 465.94, 463.49, 100, 100, 33, 0, 271.01, 15.3, 37, 0, NULL, 100, 1, 1, 1),
(887, NULL, '2019-03-20 19:29:00', 21.5, 21.3, 659, 393, 0, 0, 0, NULL, NULL, NULL, 0, 30, 20.73, 20.05, 465.94, 463.49, 100, 100, 57, 0, 55.69, 15.3, 38, 0, NULL, 100, 1, 1, 1),
(888, NULL, '2019-03-20 19:31:00', 21.5, 21.3, 657, 394, 0, 0, 0, NULL, NULL, NULL, 0, 30, 20.73, 20.05, 465.94, 463.49, 100, 100, 60, 0, 279.2, 15.3, 27, 0, NULL, 100, 1, 1, 1),
(889, NULL, '2019-03-20 19:33:00', 21.5, 21.2, 657, 394, 0, 0, 0, NULL, NULL, NULL, 0, 30, 20.73, 20.05, 465.94, 463.49, 100, 100, 66, 0, 160.97, 15.3, 21, 0, NULL, 100, 1, 1, 1),
(890, NULL, '2019-03-20 19:35:00', 21.5, 21.2, 663, 394, 0, 0, 0, NULL, NULL, NULL, 0, 30, 20.73, 20.05, 465.94, 463.49, 100, 100, 68, 0, 64.52, 15.3, 28, 0, NULL, 100, 1, 1, 1),
(891, NULL, '2019-03-20 19:37:00', 21.5, 21.2, 660, 393, 0, 0, 0, NULL, NULL, NULL, 0, 30, 20.73, 20.05, 465.94, 463.49, 100, 100, 57, 0, 103.79, 15.3, 23, 0, NULL, 100, 1, 1, 1),
(892, NULL, '2019-03-20 19:39:00', 21.5, 21.2, 663, 393, 0, 0, 0, NULL, NULL, NULL, 0, 30, 20.73, 20.05, 465.94, 463.49, 100, 100, 41, 0, 113.6, 15.3, 19, 0, NULL, 100, 1, 1, 1),
(893, NULL, '2019-03-20 19:41:00', 21.5, 21.2, 663, 394, 0, 0, 0, NULL, NULL, NULL, 0, 30, 20.73, 20.05, 465.94, 473.75, 100, 100, 26, 0, 135.38, 15.3, 23, 0, NULL, 100, 1, 1, 1),
(894, NULL, '2019-03-20 19:43:00', 21.5, 21.2, 662, 394, 0, 0, 0, NULL, NULL, NULL, 0, 30, 20.73, 20.05, 465.94, 473.75, 100, 100, 37, 0, 144.04, 15.3, 29, 0, NULL, 100, 1, 1, 1),
(895, NULL, '2019-03-20 19:45:00', 21.5, 21.2, 662, 393, 0, 0, 0, NULL, NULL, NULL, 0, 30, 20.73, 20.05, 465.94, 473.75, 100, 100, 48, 0, 112, 15.3, 26, 0, NULL, 100, 1, 1, 1),
(896, NULL, '2019-03-20 19:47:00', 21.5, 21.2, 663, 393, 0, 0, 0, NULL, NULL, NULL, 0, 30, 20.73, 20.05, 474.73, 473.75, 100, 100, 70, 0, 82.07, 15.3, 28, 0, NULL, 100, 1, 1, 1),
(897, NULL, '2019-03-20 19:49:00', 21.5, 21.2, 664, 393, 0, 0, 0, NULL, NULL, NULL, 0, 30, 20.89, 20.05, 484.98, 473.75, 100, 100, 60, 0, 121.27, 15.3, 28, 0, NULL, 100, 1, 1, 1),
(898, NULL, '2019-03-20 19:51:00', 21.5, 21.1, 661, 392, 0, 0, 0, NULL, NULL, NULL, 0, 30, 20.95, 20.05, 473.26, 473.75, 100, 100, 62, 0, 325.83, 15.3, 24, 0, NULL, 100, 1, 1, 1),
(899, NULL, '2019-03-20 19:53:00', 21.5, 21.1, 663, 394, 0, 0, 0, NULL, NULL, NULL, 0, 30, 20.95, 20.05, 473.26, 473.75, 100, 100, 40, 0, 411.41, 15.3, 22, 0, NULL, 100, 1, 1, 1),
(900, NULL, '2019-03-20 19:55:00', 21.5, 21.1, 663, 393, 0, 0, 0, NULL, NULL, NULL, 0, 30, 20.95, 20.05, 470.33, 473.75, 100, 100, 48, 0, 470.34, 15.3, 25, 0, NULL, 100, 1, 1, 1),
(901, NULL, '2019-03-20 19:57:00', 21.5, 21.1, 664, 392, 0, 0, 0, NULL, NULL, NULL, 0, 30, 20.95, 20.05, 482.05, 473.75, 100, 100, 50, 0, 646.75, 15.3, 30, 0, NULL, 100, 1, 1, 1),
(902, NULL, '2019-03-20 19:59:00', 21.5, 21.1, 664, 393, 0, 0, 0, NULL, NULL, NULL, 0, 30, 20.95, 20.05, 482.05, 473.75, 100, 100, 66, 0, 752.86, 15.3, 38, 0, NULL, 100, 1, 1, 1),
(903, NULL, '2019-03-20 20:01:00', 21.5, 21.1, 665, 394, 0, 0, 0, NULL, NULL, NULL, 0, 30, 20.95, 20.05, 494.75, 473.75, 100, 100, 66, 0, 453.05, 15.3, 33, 0, NULL, 100, 1, 1, 1),
(904, NULL, '2019-03-20 20:03:00', 21.5, 21.1, 666, 395, 0, 0, 0, NULL, NULL, NULL, 0, 30, 20.95, 20.05, 482.05, 473.75, 100, 100, 48, 0, 339.33, 15.3, 31, 0, NULL, 100, 1, 1, 1),
(905, NULL, '2019-03-20 20:05:00', 21.5, 21.1, 665, 394, 0, 0, 0, NULL, NULL, NULL, 0, 30, 20.95, 20.05, 482.05, 473.75, 100, 100, 43, 0, 162.23, 15.3, 19, 0, NULL, 100, 1, 1, 1),
(906, NULL, '2019-03-20 20:07:00', 21.5, 21.1, 664, 391, 0, 0, 0, NULL, NULL, NULL, 0, 30, 20.95, 20.05, 482.05, 473.75, 100, 100, 31, 0, 249.9, 15.3, 21, 0, NULL, 100, 1, 1, 1),
(907, NULL, '2019-03-20 20:09:00', 21.5, 21.1, 664, 392, 0, 0, 0, NULL, NULL, NULL, 0, 30, 20.95, 19.88, 482.05, 473.75, 100, 100, 21, 0, 182.3, 15.3, 30, 0, NULL, 100, 1, 1, 1),
(908, NULL, '2019-03-20 20:11:00', 21.5, 21.1, 664, 393, 0, 0, 0, NULL, NULL, NULL, 0, 30, 20.95, 19.88, 482.05, 473.75, 100, 100, 32, 0, 294.45, 15.3, 31, 0, NULL, 100, 1, 1, 1),
(909, NULL, '2019-03-20 20:13:00', 21.5, 21.1, 668, 392, 0, 0, 0, NULL, NULL, NULL, 0, 30, 20.95, 20.14, 482.05, 473.75, 100, 100, 41, 0, 194.3, 15.3, 36, 0, NULL, 100, 1, 1, 1),
(910, NULL, '2019-03-20 20:15:00', 21.5, 21.1, 667, 393, 0, 0, 0, NULL, NULL, NULL, 0, 30, 20.95, 20.14, 482.05, 473.75, 100, 100, 49, 0, 91.77, 15.3, 25, 0, NULL, 100, 1, 1, 1),
(911, NULL, '2019-03-20 20:17:00', 21.5, 21.1, 667, 393, 0, 0, 0, NULL, NULL, NULL, 0, 30, 20.95, 20, 482.05, 484.49, 100, 100, 51, 0, 149.81, 15.3, 19, 0, NULL, 100, 1, 1, 1),
(912, NULL, '2019-03-20 20:19:00', 21.5, 21.1, 668, 392, 0, 0, 0, NULL, NULL, NULL, 0, 30, 20.95, 19.88, 482.05, 484.49, 100, 100, 34, 0, 164.92, 15.3, 30, 0, NULL, 100, 1, 1, 1),
(913, NULL, '2019-03-20 20:21:00', 21.4, 21.1, 668, 393, 0, 0, 0, NULL, NULL, NULL, 0, 30, 20.95, 19.88, 482.05, 484.49, 100, 100, 38, 0, 212.75, 15.3, 40, 0, NULL, 100, 1, 1, 1),
(914, NULL, '2019-03-20 20:23:00', 21.4, 21.1, 670, 393, 0, 0, 0, NULL, NULL, NULL, 0, 30, 20.95, 20.07, 482.05, 484.49, 100, 100, 27, 0, 311.85, 15.3, 27, 0, NULL, 100, 1, 1, 1),
(915, NULL, '2019-03-20 20:25:00', 21.4, 21.1, 671, 393, 0, 0, 0, NULL, NULL, NULL, 0, 30, 20.95, 20.11, 494.26, 484.49, 100, 100, 45, 0, 282.85, 15.3, 30, 0, NULL, 100, 1, 1, 1),
(916, NULL, '2019-03-20 20:27:00', 21.4, 21.1, 670, 393, 0, 0, 0, NULL, NULL, NULL, 0, 30, 20.95, 20.11, 481.08, 484.49, 100, 100, 49, 0, 245.01, 15.3, 33, 0, NULL, 100, 1, 1, 1),
(917, NULL, '2019-03-20 20:29:00', 21.4, 21.1, 669, 393, 0, 0, 0, NULL, NULL, NULL, 0, 30, 20.95, 20.11, 481.08, 474.24, 100, 100, 47, 0, 150.84, 15.3, 23, 0, NULL, 100, 1, 1, 1),
(918, NULL, '2019-03-20 20:31:00', 21.5, 21, 671, 394, 0, 0, 0, NULL, NULL, NULL, 0, 30, 20.95, 20.11, 481.08, 474.24, 100, 100, 44, 0, 143.25, 15.3, 31, 0, NULL, 100, 1, 1, 1),
(919, NULL, '2019-03-20 20:33:00', 21.5, 21, 671, 393, 0, 0, 0, NULL, NULL, NULL, 0, 30, 20.95, 20.11, 481.08, 474.24, 100, 100, 46, 0, 286.75, 15.3, 22, 0, NULL, 100, 1, 1, 1),
(920, NULL, '2019-03-20 20:35:00', 21.4, 21.1, 671, 393, 0, 0, 0, NULL, NULL, NULL, 0, 30, 20.95, 20.11, 481.08, 474.24, 100, 100, 29, 0, 166.94, 15.3, 21, 0, NULL, 100, 1, 1, 1),
(921, NULL, '2019-03-20 20:37:00', 21.4, 21.1, 670, 393, 0, 0, 0, NULL, NULL, NULL, 0, 30, 20.95, 19.85, 481.08, 474.24, 100, 100, 31, 0, 159.43, 15.3, 20, 0, NULL, 100, 1, 1, 1),
(922, NULL, '2019-03-20 20:39:00', 21.4, 21.1, 672, 393, 0, 0, 0, NULL, NULL, NULL, 0, 30, 20.95, 20.03, 481.08, 484.49, 100, 100, 47, 0, 196.41, 15.3, 26, 0, NULL, 100, 1, 1, 1),
(923, NULL, '2019-03-20 20:41:00', 21.4, 21.1, 672, 392, 0, 0, 0, NULL, NULL, NULL, 0, 30, 20.95, 19.95, 481.08, 484.49, 100, 100, 39, 0, 238.96, 15.3, 24, 0, NULL, 100, 1, 1, 1),
(924, NULL, '2019-03-20 20:43:00', 21.4, 21.1, 672, 393, 0, 0, 0, NULL, NULL, NULL, 0, 30, 20.95, 19.93, 481.08, 474.24, 100, 100, 42, 0, 256.09, 15.3, 28, 0, NULL, 100, 1, 1, 1),
(925, NULL, '2019-03-20 20:45:00', 21.4, 21.1, 674, 393, 0, 0, 0, NULL, NULL, NULL, 0, 30, 20.95, 20.09, 481.08, 474.24, 100, 100, 48, 0, 198.28, 15.3, 27, 0, NULL, 100, 1, 1, 1),
(926, NULL, '2019-03-20 20:47:00', 21.4, 21.1, 673, 393, 0, 0, 0, NULL, NULL, NULL, 0, 30, 20.95, 19.93, 481.08, 474.24, 100, 100, 49, 0, 120.36, 15.3, 20, 0, NULL, 100, 1, 1, 1),
(927, NULL, '2019-03-20 20:49:00', 21.4, 21.1, 673, 392, 0, 0, 0, NULL, NULL, NULL, 0, 30, 20.95, 19.93, 481.08, 474.24, 100, 100, 36, 0, 146.35, 15.3, 15, 0, NULL, 100, 1, 1, 1),
(928, NULL, '2019-03-20 20:51:00', 21.4, 21.1, 675, 392, 0, 0, 0, NULL, NULL, NULL, 0, 30, 20.95, 19.93, 481.08, 474.24, 100, 100, 30, 0, 176.47, 15.3, 18, 0, NULL, 100, 1, 1, 1),
(929, NULL, '2019-03-20 20:53:00', 21.4, 21.1, 675, 393, 0, 0, 0, NULL, NULL, NULL, 0, 30, 20.95, 19.93, 481.08, 474.24, 100, 100, 29, 0, 320, 15.3, 24, 0, NULL, 100, 1, 1, 1),
(930, NULL, '2019-03-20 20:55:00', 21.4, 21.1, 675, 394, 0, 0, 0, NULL, NULL, NULL, 0, 30, 20.95, 19.93, 481.08, 474.24, 100, 100, 39, 0, 284.82, 15.3, 21, 0, NULL, 100, 1, 1, 1),
(931, NULL, '2019-03-20 20:57:00', 21.4, 21.1, 674, 393, 0, 0, 0, NULL, NULL, NULL, 0, 30, 20.95, 19.93, 481.08, 474.24, 100, 100, 66, 0, 222.86, 15.3, 29, 0, NULL, 100, 1, 1, 1),
(932, NULL, '2019-03-20 20:59:00', 21.4, 21.1, 675, 392, 0, 0, 0, NULL, NULL, NULL, 0, 30, 20.95, 19.93, 481.08, 474.24, 100, 100, 53, 0, 209.7, 15.3, 39, 0, NULL, 100, 1, 1, 1),
(933, NULL, '2019-03-20 21:01:00', 21.4, 21.1, 674, 393, 0, 0, 0, NULL, NULL, NULL, 0, 30, 20.95, 19.93, 481.08, 474.24, 100, 100, 64, 0, 257.93, 15.3, 20, 0, NULL, 100, 1, 1, 1),
(934, NULL, '2019-03-20 21:03:00', 21.4, 21.1, 675, 393, 0, 0, 0, NULL, NULL, NULL, 0, 30, 20.95, 19.93, 480.59, 474.24, 100, 100, 44, 0, 225.84, 15.3, 22, 0, NULL, 100, 1, 1, 1),
(935, NULL, '2019-03-20 21:05:00', 21.4, 21.1, 678, 392, 0, 0, 0, NULL, NULL, NULL, 0, 30, 20.95, 19.93, 480.59, 474.24, 100, 100, 37, 0, 253.04, 15.3, 27, 0, NULL, 100, 1, 1, 1),
(936, NULL, '2019-03-20 21:07:00', 21.4, 21.1, 676, 393, 0, 0, 0, NULL, NULL, NULL, 0, 30, 20.95, 19.93, 480.59, 474.24, 100, 100, 63, 0, 191.96, 15.3, 22, 0, NULL, 100, 1, 1, 1),
(937, NULL, '2019-03-20 21:09:00', 21.4, 21.1, 677, 393, 0, 0, 0, NULL, NULL, NULL, 0, 30, 20.95, 19.93, 480.59, 474.24, 100, 100, 44, 0, 269.08, 15.3, 26, 0, NULL, 100, 1, 1, 1),
(938, NULL, '2019-03-20 21:11:00', 21.4, 21.1, 675, 394, 0, 0, 0, NULL, NULL, NULL, 0, 30, 20.95, 19.93, 468.38, 474.24, 100, 100, 28, 0, 408.22, 15.3, 36, 0, NULL, 100, 1, 1, 1),
(939, NULL, '2019-03-20 21:13:00', 21.4, 21.1, 678, 394, 0, 0, 0, NULL, NULL, NULL, 0, 30, 20.95, 20.04, 468.38, 474.24, 100, 100, 59, 0, 496.49, 15.3, 27, 0, NULL, 100, 1, 1, 1),
(940, NULL, '2019-03-20 21:15:00', 21.4, 21.1, 676, 394, 0, 0, 0, NULL, NULL, NULL, 0, 30, 20.95, 19.98, 470.33, 474.24, 100, 100, 64, 0, 452.19, 15.3, 15, 0, NULL, 100, 1, 1, 1),
(941, NULL, '2019-03-20 21:17:00', 21.4, 21.1, 674, 394, 0, 0, 0, NULL, NULL, NULL, 0, 30, 20.95, 19.93, 470.33, 474.24, 100, 100, 47, 0, 461.02, 15.3, 13, 0, NULL, 100, 1, 1, 1),
(942, NULL, '2019-03-20 21:19:00', 21.3, 21.1, 679, 392, 0, 0, 0, NULL, NULL, NULL, 0, 30, 20.95, 19.93, 469.84, 474.24, 100, 100, 26, 0, 481.99, 15.3, 19, 0, NULL, 100, 1, 1, 1),
(943, NULL, '2019-03-20 21:21:00', 21.3, 21.1, 679, 391, 0, 0, 0, NULL, NULL, NULL, 0, 30, 20.95, 19.93, 469.84, 474.24, 100, 100, 47, 0, 501.72, 15.3, 24, 0, NULL, 100, 1, 1, 1),
(944, NULL, '2019-03-20 21:23:00', 21.3, 21.1, 679, 392, 0, 0, 0, NULL, NULL, NULL, 0, 30, 20.95, 19.93, 469.84, 474.24, 100, 100, 52, 0, 376.48, 15.3, 29, 0, NULL, 100, 1, 1, 1),
(945, NULL, '2019-03-20 21:25:00', 21.3, 21.1, 683, 391, 0, 0, 0, NULL, NULL, NULL, 0, 30, 20.95, 19.93, 469.84, 474.24, 100, 100, 50, 0, 162.58, 15.3, 30, 0, NULL, 100, 1, 1, 1),
(946, NULL, '2019-03-20 21:27:00', 21.3, 21.1, 681, 393, 0, 0, 0, NULL, NULL, NULL, 0, 30, 20.95, 19.93, 469.84, 474.24, 100, 100, 49, 0, 296.51, 15.3, 25, 0, NULL, 100, 1, 1, 1),
(947, NULL, '2019-03-20 21:29:00', 21.3, 21.1, 678, 392, 0, 0, 0, NULL, NULL, NULL, 0, 30, 20.95, 19.93, 469.84, 474.24, 100, 100, 44, 0, 373, 15.3, 25, 0, NULL, 100, 1, 1, 1),
(948, NULL, '2019-03-20 21:31:00', 21.3, 21.1, 678, 392, 0, 0, 0, NULL, NULL, NULL, 0, 30, 20.95, 19.93, 469.84, 474.24, 100, 100, 36, 0, 500.4, 15.3, 21, 0, NULL, 100, 1, 1, 1),
(949, NULL, '2019-03-20 21:33:00', 21.3, 21.1, 679, 390, 0, 0, 0, NULL, NULL, NULL, 0, 30, 20.95, 19.93, 469.84, 474.24, 100, 100, 37, 0, 178.03, 15.3, 24, 0, NULL, 100, 1, 1, 1),
(950, NULL, '2019-03-20 21:35:00', 21.3, 21.1, 682, 391, 0, 0, 0, NULL, NULL, NULL, 0, 30, 20.95, 19.93, 469.84, 474.24, 100, 100, 44, 0, 299.98, 15.3, 21, 0, NULL, 100, 1, 1, 1),
(951, NULL, '2019-03-20 21:37:00', 21.3, 21.1, 680, 393, 0, 0, 0, NULL, NULL, NULL, 0, 30, 20.95, 19.93, 469.84, 474.24, 100, 100, 44, 0, 359.42, 15.3, 26, 0, NULL, 100, 1, 1, 1),
(952, NULL, '2019-03-20 21:39:00', 21.3, 21.1, 679, 393, 0, 0, 0, NULL, NULL, NULL, 0, 30, 20.95, 19.93, 469.84, 474.24, 100, 100, 37, 0, 381.39, 15.3, 21, 0, NULL, 100, 1, 1, 1),
(953, NULL, '2019-03-20 21:41:00', 21.3, 21.1, 680, 392, 0, 0, 0, NULL, NULL, NULL, 0, 30, 20.95, 19.93, 469.84, 474.24, 100, 100, 45, 0, 397.89, 15.3, 17, 0, NULL, 100, 1, 1, 1),
(954, NULL, '2019-03-20 21:43:00', 21.3, 21.1, 680, 392, 0, 0, 0, NULL, NULL, NULL, 0, 30, 20.95, 20.04, 469.84, 474.24, 100, 100, 41, 0, 355.2, 15.3, 17, 0, NULL, 100, 1, 1, 1),
(955, NULL, '2019-03-20 21:45:00', 21.3, 21.1, 680, 392, 0, 0, 0, NULL, NULL, NULL, 0, 30, 20.95, 19.92, 469.84, 474.24, 100, 100, 34, 0, 331.1, 15.3, 17, 0, NULL, 100, 1, 1, 1),
(956, NULL, '2019-03-20 21:47:00', 21.3, 21.1, 680, 394, 0, 0, 0, NULL, NULL, NULL, 0, 30, 20.95, 19.81, 469.84, 474.24, 100, 100, 28, 0, 335.74, 15.3, 20, 0, NULL, 100, 1, 1, 1),
(957, NULL, '2019-03-20 21:49:00', 21.3, 21.1, 683, 392, 0, 0, 0, NULL, NULL, NULL, 0, 30, 20.95, 19.98, 469.84, 474.24, 100, 100, 56, 0, 511.38, 15.3, 23, 0, NULL, 100, 1, 1, 1),
(958, NULL, '2019-03-20 21:51:00', 21.3, 21.1, 682, 392, 0, 0, 0, NULL, NULL, NULL, 0, 30, 20.95, 20.27, 469.84, 474.24, 100, 100, 50, 0, 85.38, 15.3, 26, 0, NULL, 100, 1, 1, 1),
(959, NULL, '2019-03-20 21:53:00', 21.3, 21.1, 681, 392, 0, 0, 0, NULL, NULL, NULL, 0, 30, 20.95, 20.27, 469.84, 474.24, 100, 100, 55, 0, 74.49, 15.3, 22, 0, NULL, 100, 1, 1, 1),
(960, NULL, '2019-03-20 21:55:00', 21.3, 21.1, 680, 393, 0, 0, 0, NULL, NULL, NULL, 0, 30, 20.95, 19.78, 469.84, 474.24, 100, 100, 0, 0, 99.18, 15.3, 21, 0, NULL, 100, 1, 1, 1),
(961, NULL, '2019-03-20 21:57:00', 21.3, 21.1, 681, 392, 0, 0, 0, NULL, NULL, NULL, 0, 30, 20.95, 19.47, 469.84, 474.24, 100, 100, 62, 0, 126.52, 15.3, 19, 0, NULL, 100, 1, 1, 1),
(962, NULL, '2019-03-20 21:59:00', 21.3, 21.1, 682, 392, 0, 0, 0, NULL, NULL, NULL, 0, 30, 20.79, 19.79, 469.84, 462.52, 100, 100, 45, 0, 81.64, 15.3, 16, 0, NULL, 100, 1, 1, 1),
(963, NULL, '2019-03-20 22:01:00', 21.3, 21.1, 683, 391, 0, 0, 0, NULL, NULL, NULL, 0, 30, 20.73, 20.34, 469.84, 462.52, 100, 100, 38, 0, 94.23, 15.3, 25, 0, NULL, 100, 1, 1, 1),
(964, NULL, '2019-03-20 22:03:00', 21.3, 21.1, 682, 390, 0, 0, 0, NULL, NULL, NULL, 0, 30, 20.73, 19.86, 469.84, 462.52, 100, 100, 34, 0, 135.7, 15.3, 30, 0, NULL, 100, 1, 1, 1),
(965, NULL, '2019-03-20 22:05:00', 21.3, 21.1, 686, 391, 0, 0, 0, NULL, NULL, NULL, 0, 30, 20.73, 20.08, 469.84, 462.52, 100, 100, 33, 0, 143.19, 15.3, 36, 0, NULL, 100, 1, 1, 1),
(966, NULL, '2019-03-20 22:07:00', 21.3, 21.1, 687, 391, 0, 0, 0, NULL, NULL, NULL, 0, 30, 20.73, 20.26, 469.84, 462.52, 100, 100, 44, 0, 155.86, 15.3, 34, 0, NULL, 100, 1, 1, 1),
(967, NULL, '2019-03-20 22:09:00', 21.3, 21.2, 685, 392, 0, 0, 0, NULL, NULL, NULL, 0, 30, 20.73, 20.01, 457.63, 462.52, 100, 100, 65, 0, 177.02, 15.3, 18, 0, NULL, 100, 1, 1, 1),
(968, NULL, '2019-03-20 22:11:00', 21.3, 21.2, 686, 392, 0, 0, 0, NULL, NULL, NULL, 0, 30, 20.73, 19.67, 457.63, 462.52, 100, 100, 54, 0, 101.72, 15.3, 30, 0, NULL, 100, 1, 1, 1),
(969, NULL, '2019-03-20 22:13:00', 21.2, 21.2, 687, 392, 0, 0, 0, NULL, NULL, NULL, 0, 30, 20.73, 20.43, 455.68, 462.52, 100, 100, 40, 0, 83.41, 15.3, 24, 0, NULL, 100, 1, 1, 1),
(970, NULL, '2019-03-20 22:15:00', 21.2, 21.2, 685, 392, 0, 0, 0, NULL, NULL, NULL, 0, 30, 20.73, 19.81, 455.19, 462.52, 100, 100, 44, 0, 85.62, 15.3, 22, 0, NULL, 100, 1, 1, 1),
(971, NULL, '2019-03-20 22:17:00', 21.2, 21.2, 686, 391, 0, 0, 0, NULL, NULL, NULL, 0, 30, 20.73, 20.4, 457.63, 462.52, 100, 100, 72, 0, 114.41, 15.3, 18, 0, NULL, 100, 1, 1, 1),
(972, NULL, '2019-03-20 22:19:00', 21.2, 21.2, 686, 392, 0, 0, 0, NULL, NULL, NULL, 0, 30, 20.73, 19.93, 457.63, 462.52, 100, 100, 51, 0, 97.25, 15.3, 27, 0, NULL, 100, 1, 1, 1),
(973, NULL, '2019-03-20 22:21:00', 21.2, 21.2, 682, 392, 0, 0, 0, NULL, NULL, NULL, 0, 30, 20.73, 19.53, 457.63, 462.52, 100, 100, 57, 0, 107.06, 15.3, 20, 0, NULL, 100, 1, 1, 1),
(974, NULL, '2019-03-20 22:23:00', 21.2, 21.2, 688, 391, 0, 0, 0, NULL, NULL, NULL, 0, 30, 20.73, 19.94, 457.63, 462.52, 100, 100, 52, 0, 181.09, 15.3, 16, 0, NULL, 100, 1, 1, 1),
(975, NULL, '2019-03-20 22:25:00', 21.2, 21.2, 688, 393, 0, 0, 0, NULL, NULL, NULL, 0, 30, 20.73, 20.27, 457.63, 462.52, 100, 100, 59, 0, 208, 15.3, 18, 0, NULL, 100, 1, 1, 1),
(976, NULL, '2019-03-20 22:27:00', 21.2, 21.2, 690, 392, 0, 0, 0, NULL, NULL, NULL, 0, 30, 20.73, 20.27, 457.63, 462.52, 100, 100, 37, 0, 207.29, 15.3, 19, 0, NULL, 100, 1, 1, 1),
(977, NULL, '2019-03-20 22:29:00', 21.2, 21.2, 689, 391, 0, 0, 0, NULL, NULL, NULL, 0, 30, 20.73, 20.02, 457.63, 462.52, 100, 100, 32, 0, 221.87, 15.3, 23, 0, NULL, 100, 1, 1, 1),
(978, NULL, '2019-03-20 22:31:00', 21.2, 21.2, 689, 391, 0, 0, 0, NULL, NULL, NULL, 0, 30, 20.73, 19.58, 457.63, 462.52, 100, 100, 60, 0, 237.43, 15.3, 27, 0, NULL, 100, 1, 1, 1),
(979, NULL, '2019-03-20 22:33:00', 21.2, 21.2, 686, 393, 0, 0, 0, NULL, NULL, NULL, 0, 30, 20.73, 19.58, 457.63, 462.52, 100, 100, 59, 0, 199.33, 15.3, 23, 0, NULL, 100, 1, 1, 1),
(980, NULL, '2019-03-20 22:35:00', 21.2, 21.2, 685, 392, 0, 0, 0, NULL, NULL, NULL, 0, 30, 20.73, 19.58, 457.63, 462.52, 100, 100, 63, 0, 199.25, 15.3, 29, 0, NULL, 100, 1, 1, 1),
(981, NULL, '2019-03-20 22:37:00', 21.2, 21.2, 687, 391, 0, 0, 0, NULL, NULL, NULL, 0, 30, 20.73, 19.61, 457.63, 462.52, 100, 100, 60, 0, 206.47, 15.3, 29, 0, NULL, 100, 1, 1, 1),
(982, NULL, '2019-03-20 22:39:00', 21.2, 21.2, 691, 393, 0, 0, 0, NULL, NULL, NULL, 0, 30, 20.73, 20.43, 457.63, 462.52, 100, 100, 50, 0, 170.77, 15.3, 23, 0, NULL, 100, 1, 1, 1),
(983, NULL, '2019-03-20 22:41:00', 21.2, 21.2, 688, 391, 0, 0, 0, NULL, NULL, NULL, 0, 30, 20.73, 20.43, 457.63, 462.52, 100, 100, 48, 0, 201.29, 15.3, 24, 0, NULL, 100, 1, 1, 1),
(984, NULL, '2019-03-20 22:43:00', 21.2, 21.2, 688, 392, 0, 0, 0, NULL, NULL, NULL, 0, 30, 20.73, 19.72, 457.63, 462.52, 100, 100, 26, 0, 256.61, 15.3, 27, 0, NULL, 100, 1, 1, 1),
(985, NULL, '2019-03-20 22:45:00', 21.2, 21.2, 689, 393, 0, 0, 0, NULL, NULL, NULL, 0, 30, 20.73, 20.16, 457.63, 462.52, 100, 100, 51, 0, 292.88, 15.3, 25, 0, NULL, 100, 1, 1, 1),
(986, NULL, '2019-03-20 22:47:00', 21.2, 21.2, 690, 392, 0, 0, 0, NULL, NULL, NULL, 0, 30, 20.73, 19.69, 457.63, 462.52, 100, 100, 50, 0, 202.15, 15.3, 25, 0, NULL, 100, 1, 1, 1),
(987, NULL, '2019-03-20 22:49:00', 21.2, 21.2, 690, 391, 0, 0, 0, NULL, NULL, NULL, 0, 30, 20.73, 20.34, 457.63, 462.52, 100, 100, 68, 0, 206.55, 15.3, 32, 0, NULL, 100, 1, 1, 1),
(988, NULL, '2019-03-20 22:51:00', 21.2, 21.2, 692, 393, 0, 0, 0, NULL, NULL, NULL, 0, 30, 20.73, 19.99, 457.63, 451.77, 100, 100, 62, 0, 160.91, 15.3, 44, 0, NULL, 100, 1, 1, 1),
(989, NULL, '2019-03-20 22:53:00', 21.2, 21.2, 692, 391, 0, 0, 0, NULL, NULL, NULL, 0, 30, 20.73, 19.94, 457.63, 451.77, 100, 100, 50, 0, 87.46, 15.3, 37, 0, NULL, 100, 1, 1, 1),
(990, NULL, '2019-03-20 22:55:00', 21.2, 21.3, 690, 391, 0, 0, 0, NULL, NULL, NULL, 0, 30, 20.73, 20.27, 457.63, 451.77, 100, 100, 38, 0, 158.3, 15.3, 21, 0, NULL, 100, 1, 1, 1),
(991, NULL, '2019-03-20 22:57:00', 21.1, 21.3, 693, 392, 0, 0, 0, NULL, NULL, NULL, 0, 30, 20.73, 19.75, 457.63, 451.77, 100, 100, 29, 0, 171.37, 15.3, 44, 0, NULL, 100, 1, 1, 1),
(992, NULL, '2019-03-20 22:59:00', 21.1, 21.3, 690, 392, 0, 0, 0, NULL, NULL, NULL, 0, 30, 20.73, 20.15, 457.63, 451.77, 100, 100, 54, 0, 206.53, 15.3, 33, 0, NULL, 100, 1, 1, 1),
(993, NULL, '2019-03-20 23:01:00', 21.1, 21.3, 688, 392, 0, 0, 0, NULL, NULL, NULL, 0, 30, 20.73, 20.37, 457.63, 451.77, 100, 100, 68, 0, 130.49, 15.3, 22, 0, NULL, 100, 1, 1, 1),
(994, NULL, '2019-03-20 23:03:00', 21.1, 21.3, 693, 391, 0, 0, 0, NULL, NULL, NULL, 0, 30, 20.73, 20.05, 457.63, 451.77, 100, 100, 58, 0, 285.43, 15.3, 41, 0, NULL, 100, 1, 1, 1),
(995, NULL, '2019-03-20 23:05:00', 21.1, 21.3, 694, 391, 0, 0, 0, NULL, NULL, NULL, 0, 30, 20.73, 19.98, 457.63, 462.03, 100, 100, 64, 0, 132.35, 15.3, 42, 0, NULL, 100, 1, 1, 1),
(996, NULL, '2019-03-20 23:07:00', 21.1, 21.3, 692, 391, 0, 0, 0, NULL, NULL, NULL, 0, 30, 20.86, 19.98, 457.63, 475.22, 100, 100, 59, 0, 150.6, 15.3, 33, 0, NULL, 100, 1, 1, 1),
(997, NULL, '2019-03-20 23:09:00', 21.1, 21.3, 692, 391, 0, 0, 0, NULL, NULL, NULL, 0, 30, 20.98, 19.98, 457.63, 477.17, 100, 100, 54, 0, 174.21, 15.3, 47, 0, NULL, 100, 1, 1, 1),
(998, NULL, '2019-03-20 23:11:00', 21.1, 21.3, 691, 391, 0, 0, 0, NULL, NULL, NULL, 0, 30, 20.98, 19.98, 467.89, 472.77, 100, 100, 28, 0, 210, 15.3, 62, 0, NULL, 100, 1, 1, 1),
(999, NULL, '2019-03-20 23:13:00', 21.1, 21.3, 693, 392, 0, 0, 0, NULL, NULL, NULL, 0, 30, 20.98, 19.98, 505.98, 484.49, 100, 100, 61, 0, 137.3, 15.3, 21, 0, NULL, 100, 1, 1, 1),
(1000, NULL, '2019-03-20 23:15:00', 21.1, 21.3, 694, 393, 0, 0, 0, NULL, NULL, NULL, 0, 30, 20.98, 19.98, 519.66, 484.49, 100, 100, 62, 0, 106.63, 15.3, 21, 0, NULL, 100, 1, 1, 1),
(1001, NULL, '2019-03-20 23:17:00', 21.1, 21.3, 693, 391, 0, 0, 0, NULL, NULL, NULL, 0, 30, 20.98, 19.98, 532.85, 473.75, 100, 100, 87, 0, 168.72, 15.3, 19, 0, NULL, 100, 1, 1, 1),
(1002, NULL, '2019-03-20 23:19:00', 21.1, 21.3, 694, 391, 0, 0, 0, NULL, NULL, NULL, 0, 30, 20.98, 19.98, 545.06, 473.75, 100, 100, 75, 0, 206.05, 15.3, 20, 0, NULL, 100, 1, 1, 1),
(1003, NULL, '2019-03-20 23:21:00', 21.1, 21.3, 697, 391, 0, 0, 0, NULL, NULL, NULL, 0, 30, 20.98, 19.98, 577.78, 462.03, 100, 100, 56, 0, 119.32, 15.3, 16, 0, NULL, 100, 1, 1, 1),
(1004, NULL, '2019-03-20 23:23:00', 21.1, 21.3, 694, 391, 0, 0, 0, NULL, NULL, NULL, 0, 30, 20.98, 19.98, 577.78, 462.03, 100, 100, 46, 0, 174.59, 15.3, 10, 0, NULL, 100, 1, 1, 1),
(1005, NULL, '2019-03-20 23:25:00', 21.1, 21.3, 696, 390, 0, 0, 0, NULL, NULL, NULL, 0, 30, 20.98, 19.98, 591.94, 462.03, 100, 100, 0, 0, 127.64, 15.3, 22, 0, NULL, 100, 1, 1, 1);
INSERT INTO `data` (`id`, `capteur_id`, `date`, `temperature_Interieure`, `Relative_Humidity_Interieure`, `TVOC_Interieure`, `Carbon_Dioxide_Interieure`, `Ozone_Interieure`, `Carbon_Monoxide_Interieure`, `Benzene_Interieure`, `Toluene_Interieure`, `Formaldehyde_Interieure`, `PM`, `Eclairage_Interieure`, `Acoutique_Interieure`, `Temperature_Soufflage`, `Temperature_Extraction`, `CO2_Soufflage`, `CO2_Extraction`, `Debit_Soufflage`, `Debit_Extraction`, `NOX_Exterieure`, `NO_Exterieure`, `Ozone_Exterieure`, `NO2_Exterieure`, `PM_Exterieure`, `SO2_Exterieure`, `CO_Exterieure`, `COV_Exterieure`, `Benzene_Exterieure`, `Formaldehyde_Exterieure`, `Toluene_Exterieure`) VALUES
(1006, NULL, '2019-03-20 23:27:00', 21.1, 21.3, 695, 392, 0, 0, 0, NULL, NULL, NULL, 0, 30, 20.98, 19.98, 591.94, 462.03, 100, 100, 0, 0, 131.45, 15.3, 18, 0, NULL, 100, 1, 1, 1),
(1007, NULL, '2019-03-20 23:29:00', 21.1, 21.3, 696, 393, 0, 0, 0, NULL, NULL, NULL, 0, 30, 20.98, 19.98, 607.57, 462.03, 100, 100, 69, 0, 70.78, 15.3, 31, 0, NULL, 100, 1, 1, 1),
(1008, NULL, '2019-03-20 23:31:00', 21.1, 21.4, 697, 391, 0, 0, 0, NULL, NULL, NULL, 0, 30, 20.98, 19.98, 596.83, 462.03, 100, 100, 64, 0, 184.16, 15.3, 37, 0, NULL, 100, 1, 1, 1),
(1009, NULL, '2019-03-20 23:33:00', 21.1, 21.4, 697, 391, 0, 0, 0, NULL, NULL, NULL, 0, 30, 20.98, 19.98, 596.83, 462.03, 100, 100, 62, 0, 121.88, 15.3, 38, 0, NULL, 100, 1, 1, 1),
(1010, NULL, '2019-03-20 23:35:00', 21.1, 21.4, 694, 391, 0, 0, 0, NULL, NULL, NULL, 0, 30, 21.02, 19.98, 608.06, 462.03, 100, 100, 65, 0, 152.39, 15.3, 34, 0, NULL, 100, 1, 1, 1),
(1011, NULL, '2019-03-20 23:37:00', 21.1, 21.4, 695, 391, 0, 0, 0, NULL, NULL, NULL, 0, 30, 21.21, 19.98, 608.06, 462.03, 100, 100, 60, 0, 129.12, 15.3, 32, 0, NULL, 100, 1, 1, 1),
(1012, NULL, '2019-03-20 23:39:00', 21.1, 21.4, 697, 391, 0, 0, 0, NULL, NULL, NULL, 0, 30, 21.21, 19.98, 608.06, 462.03, 100, 100, 40, 0, NULL, 15.3, 36, 0, NULL, 100, 1, 1, 1),
(1013, NULL, '2019-03-20 23:41:00', 21.1, 21.4, 697, 391, 0, 0, 0, NULL, NULL, NULL, 0, 30, 21.21, 19.8, 608.06, 462.03, 100, 100, 58, 0, NULL, 15.3, 24, 0, NULL, 100, 1, 1, 1),
(1014, NULL, '2019-03-20 23:43:00', 21.1, 21.3, 698, 391, 0, 0, 0, NULL, NULL, NULL, 0, 30, 21.21, 20.15, 609.53, 462.03, 100, 100, 55, 0, NULL, 15.3, 29, 0, NULL, 100, 1, 1, 1),
(1015, NULL, '2019-03-20 23:45:00', 21.1, 21.4, 698, 391, 0, 0, 0, NULL, NULL, NULL, 0, 30, 21.21, 20.23, 598.29, 462.03, 100, 100, 61, 0, NULL, 15.3, 25, 0, NULL, 100, 1, 1, 1),
(1016, NULL, '2019-03-20 23:47:00', 21.1, 21.4, 698, 392, 0, 0, 0, NULL, NULL, NULL, 0, 30, 21.21, 19.75, 582.17, 462.03, 100, 100, 64, 0, NULL, 15.3, 36, 0, NULL, 100, 1, 1, 1),
(1017, NULL, '2019-03-20 23:49:00', 21.1, 21.4, 699, 392, 0, 0, 0, NULL, NULL, NULL, 0, 30, 21.21, 20.02, 570.45, 462.03, 100, 100, 53, 0, NULL, 15.3, 33, 0, NULL, 100, 1, 1, 1),
(1018, NULL, '2019-03-20 23:51:00', 21.1, 21.4, 698, 390, 0, 0, 0, NULL, NULL, NULL, 0, 30, 21.21, 19.84, 547.01, 462.03, 100, 100, 47, 0, NULL, 15.3, 32, 0, NULL, 100, 1, 1, 1),
(1019, NULL, '2019-03-20 23:53:00', 21.1, 21.4, 698, 391, 0, 0, 0, NULL, NULL, NULL, 0, 30, 21.21, 19.96, 534.31, 462.03, 100, 100, 48, 0, NULL, 15.3, 33, 0, NULL, 100, 1, 1, 1),
(1020, NULL, '2019-03-20 23:55:00', 21.1, 21.4, 700, 392, 0, 0, 0, NULL, NULL, NULL, 0, 30, 21.21, 20.07, 518.68, 462.03, 100, 100, 61, 0, NULL, 15.3, 24, 0, NULL, 100, 1, 1, 1),
(1021, NULL, '2019-03-20 23:57:00', 21.1, 21.4, 701, 391, 0, 0, 0, NULL, NULL, NULL, 0, 30, 21.21, 19.83, 514.78, 462.03, 100, 100, 80, 0, NULL, 15.3, 37, 0, NULL, 100, 1, 1, 1),
(1022, NULL, '2019-03-20 23:59:00', 21.1, 21.4, 700, 390, 0, 0, 0, NULL, NULL, NULL, 0, 30, 21.21, 20.18, 556.78, 462.03, 100, 100, 77, 0, NULL, 15.3, 30, 0, NULL, 100, 1, 1, 1),
(1023, NULL, '2019-03-21 00:01:00', 21.1, 21.4, 696, 391, 0, 0, 0, NULL, NULL, NULL, 0, 30, 21.21, 20.18, 580.71, 462.03, 100, 100, 88, 0, NULL, 15.3, 33, 0, NULL, 100, 1, 1, 1),
(1024, NULL, '2019-03-21 00:03:00', 21.1, 21.4, 698, 390, 0, 0, 0, NULL, NULL, NULL, 0, 30, 21.21, 20.18, 593.41, 462.03, 100, 100, 61, 0, NULL, 15.3, 27, 0, NULL, 100, 1, 1, 1),
(1025, NULL, '2019-03-21 00:05:00', 21, 21.4, 701, 391, 0, 0, 0, NULL, NULL, NULL, 0, 30, 21.21, 20.18, 616.36, 462.03, 100, 100, 55, 0, NULL, 15.3, 18, 0, NULL, 100, 1, 1, 1),
(1026, NULL, '2019-03-21 00:07:00', 21, 21.4, 698, 391, 0, 0, 0, NULL, NULL, NULL, 0, 30, 21.21, 19.81, 621.74, 462.03, 100, 100, 48, 0, NULL, 15.3, 24, 0, NULL, 100, 1, 1, 1),
(1027, NULL, '2019-03-21 00:09:00', 21, 21.4, 701, 391, 0, 0, 0, NULL, NULL, NULL, 0, 30, 21.21, 19.58, 620.27, 462.03, 100, 100, 87, 0, NULL, 15.3, 29, 0, NULL, 100, 1, 1, 1),
(1028, NULL, '2019-03-21 00:11:00', 21, 21.4, 704, 392, 0, 0, 0, NULL, NULL, NULL, 0, 30, 21.21, 20.01, 602.69, 462.03, 100, 100, 64, 0, NULL, 15.3, 30, 0, NULL, 100, 1, 1, 1),
(1029, NULL, '2019-03-21 00:13:00', 21, 21.4, 701, 390, 0, 0, 0, NULL, NULL, NULL, 0, 30, 21.21, 20.17, 615.87, 462.03, 100, 100, 61, 0, NULL, 15.3, 24, 0, NULL, 100, 1, 1, 1),
(1030, NULL, '2019-03-21 00:15:00', 21, 21.4, 700, 390, 0, 0, 0, NULL, NULL, NULL, 0, 30, 21.21, 20.41, 606.59, 462.03, 100, 100, 44, 0, NULL, 15.3, 34, 0, NULL, 100, 1, 1, 1),
(1031, NULL, '2019-03-21 00:17:00', 21, 21.4, 702, 392, 0, 0, 0, NULL, NULL, NULL, 0, 30, 21.21, 20.41, 574.85, 462.03, 100, 100, 53, 0, NULL, 15.3, 21, 0, NULL, 100, 1, 1, 1),
(1032, NULL, '2019-03-21 00:19:00', 21, 21.4, 702, 391, 0, 0, 0, NULL, NULL, NULL, 0, 30, 21.21, 20.13, 604.64, 462.03, 100, 100, 48, 0, NULL, 15.3, 18, 0, NULL, 100, 1, 1, 1),
(1033, NULL, '2019-03-21 00:21:00', 21, 21.5, 702, 390, 0, 0, 0, NULL, NULL, NULL, 0, 30, 21.21, 19.88, 593.9, 462.03, 100, 100, 43, 0, NULL, 15.3, 39, 0, NULL, 100, 1, 1, 1),
(1034, NULL, '2019-03-21 00:23:00', 21, 21.5, 700, 390, 0, 0, 0, NULL, NULL, NULL, 0, 30, 21.21, 20.04, 607.08, 462.03, 100, 100, 68, 0, NULL, 15.3, 35, 0, NULL, 100, 1, 1, 1),
(1035, NULL, '2019-03-21 00:25:00', 21, 21.5, 706, 391, 0, 0, 0, NULL, NULL, NULL, 0, 30, 21.21, 20.2, 606.59, 462.03, 100, 100, 68, 0, NULL, 15.3, 37, 0, NULL, 100, 1, 1, 1),
(1036, NULL, '2019-03-21 00:27:00', 21, 21.5, 703, 391, 0, 0, 0, NULL, NULL, NULL, 0, 30, 21.21, 20.1, 603.18, 462.03, 100, 100, 55, 0, NULL, 15.3, 47, 0, NULL, 100, 1, 1, 1),
(1037, NULL, '2019-03-21 00:29:00', 21, 21.5, 704, 392, 0, 0, 0, NULL, NULL, NULL, 0, 30, 21.21, 19.86, 537.24, 462.03, 100, 100, 42, 0, NULL, 15.3, 46, 0, NULL, 100, 1, 1, 1),
(1038, NULL, '2019-03-21 00:31:00', 21, 21.5, 702, 391, 0, 0, 0, NULL, NULL, NULL, 0, 30, 21.21, 20.07, 564.1, 462.03, 100, 100, 47, 0, NULL, 15.3, 20, 0, NULL, 100, 1, 1, 1),
(1039, NULL, '2019-03-21 00:33:00', 21, 21.5, 704, 391, 0, 0, 0, NULL, NULL, NULL, 0, 30, 21.21, 20.09, 535.78, 462.03, 100, 100, 50, 0, NULL, 15.3, 22, 0, NULL, 100, 1, 1, 1),
(1040, NULL, '2019-03-21 00:35:00', 21, 21.5, 705, 391, 0, 0, 0, NULL, NULL, NULL, 0, 30, 21.04, 20.09, 509.89, 462.03, 100, 100, 61, 0, NULL, 15.3, 13, 0, NULL, 100, 1, 1, 1),
(1041, NULL, '2019-03-21 00:37:00', 21, 21.5, 705, 391, 0, 0, 0, NULL, NULL, NULL, 0, 30, 20.98, 20.09, 498.66, 462.03, 100, 100, 76, 0, NULL, 15.3, 17, 0, NULL, 100, 1, 1, 1),
(1042, NULL, '2019-03-21 00:39:00', 21, 21.5, 705, 391, 0, 0, 0, NULL, NULL, NULL, 0, 30, 20.98, 20.09, 487.43, 462.03, 100, 100, 44, 0, NULL, 15.3, 33, 0, NULL, 100, 1, 1, 1),
(1043, NULL, '2019-03-21 00:41:00', 21, 21.5, 706, 391, 0, 0, 0, NULL, NULL, NULL, 0, 30, 20.98, 20.09, 475.7, 462.03, 100, 100, 56, 0, NULL, 15.3, 49, 0, NULL, 100, 1, 1, 1),
(1044, NULL, '2019-03-21 00:43:00', 21, 21.5, 705, 391, 0, 0, 0, NULL, NULL, NULL, 0, 30, 20.98, 20.09, 475.7, 462.03, 100, 100, 69, 0, NULL, 15.3, 31, 0, NULL, 100, 1, 1, 1),
(1045, NULL, '2019-03-21 00:45:00', 21, 21.5, 707, 391, 0, 0, 0, NULL, NULL, NULL, 0, 30, 20.98, 20.09, 465.45, 462.03, 100, 100, 81, 0, NULL, 15.3, 25, 0, NULL, 100, 1, 1, 1),
(1046, NULL, '2019-03-21 00:47:00', 21, 21.5, 705, 391, 0, 0, 0, NULL, NULL, NULL, 0, 30, 20.98, 20.08, 465.45, 462.03, 100, 100, 49, 0, NULL, 15.3, 18, 0, NULL, 100, 1, 1, 1),
(1047, NULL, '2019-03-21 00:49:00', 21, 21.5, 702, 391, 0, 0, 0, NULL, NULL, NULL, 0, 30, 20.98, 19.81, 465.45, 462.03, 100, 100, 39, 0, NULL, 15.3, 30, 0, NULL, 100, 1, 1, 1),
(1048, NULL, '2019-03-21 00:51:00', 21, 21.5, 705, 391, 0, 0, 0, NULL, NULL, NULL, 0, 30, 20.98, 19.81, 465.45, 462.03, 100, 100, 59, 0, NULL, 15.3, 22, 0, NULL, 100, 1, 1, 1),
(1049, NULL, '2019-03-21 00:53:00', 21, 21.5, 707, 389, 0, 0, 0, NULL, NULL, NULL, 0, 30, 20.98, 20.1, 465.45, 462.03, 100, 100, 112, 0, NULL, 15.3, 36, 0, NULL, 100, 1, 1, 1),
(1050, NULL, '2019-03-21 00:55:00', 21, 21.5, 706, 391, 0, 0, 0, NULL, NULL, NULL, 0, 30, 20.98, 19.93, 465.45, 462.03, 100, 100, 114, 0, NULL, 15.3, 38, 0, NULL, 100, 1, 1, 1),
(1051, NULL, '2019-03-21 00:57:00', 21, 21.5, 706, 391, 0, 0, 0, NULL, NULL, NULL, 0, 30, 20.98, 19.93, 455.19, 462.03, 100, 100, 92, 0, NULL, 15.3, 18, 0, NULL, 100, 1, 1, 1),
(1052, NULL, '2019-03-21 00:59:00', 21, 21.5, 708, 391, 0, 0, 0, NULL, NULL, NULL, 0, 30, 20.98, 19.93, 455.19, 462.03, 100, 100, 108, 0, NULL, 15.3, 13, 0, NULL, 100, 1, 1, 1),
(1053, NULL, '2019-03-21 01:01:00', 21, 21.5, 707, 391, 0, 0, 0, NULL, NULL, NULL, 0, 30, 20.98, 20.1, 455.19, 462.03, 100, 100, 71, 0, NULL, 15.3, 18, 0, NULL, 100, 1, 1, 1),
(1054, NULL, '2019-03-21 01:03:00', 21, 21.5, 707, 392, 0, 0, 0, NULL, NULL, NULL, 0, 30, 20.98, 19.93, 455.19, 462.03, 100, 100, 54, 0, NULL, 15.3, 21, 0, NULL, 100, 1, 1, 1),
(1055, NULL, '2019-03-21 01:05:00', 21, 21.5, 705, 391, 0, 0, 0, NULL, NULL, NULL, 0, 30, 20.98, 19.93, 455.19, 462.03, 100, 100, 51, 0, NULL, 15.3, 18, 0, NULL, 100, 1, 1, 1),
(1056, NULL, '2019-03-21 01:07:00', 21, 21.5, 706, 391, 0, 0, 0, NULL, NULL, NULL, 0, 30, 20.98, 19.93, 455.19, 462.03, 100, 100, 62, 0, NULL, 15.3, 42, 0, NULL, 100, 1, 1, 1),
(1057, NULL, '2019-03-21 01:09:00', 21, 21.5, 710, 391, 0, 0, 0, NULL, NULL, NULL, 0, 30, 20.98, 19.95, 455.19, 462.03, 100, 100, 77, 0, NULL, 15.3, 23, 0, NULL, 100, 1, 1, 1),
(1058, NULL, '2019-03-21 01:11:00', 21, 21.5, 710, 390, 0, 0, 0, NULL, NULL, NULL, 0, 30, 20.98, 20.14, 455.19, 462.03, 100, 100, 71, 0, NULL, 15.3, 32, 0, NULL, 100, 1, 1, 1),
(1059, NULL, '2019-03-21 01:13:00', 21, 21.5, 707, 390, 0, 0, 0, NULL, NULL, NULL, 0, 30, 20.98, 20.14, 455.19, 462.03, 100, 100, 80, 0, NULL, 15.3, 28, 0, NULL, 100, 1, 1, 1),
(1060, NULL, '2019-03-21 01:15:00', 21, 21.5, 709, 391, 0, 0, 0, NULL, NULL, NULL, 0, 30, 20.98, 20.14, 455.19, 462.03, 100, 100, 62, 0, NULL, 15.3, 36, 0, NULL, 100, 1, 1, 1),
(1061, NULL, '2019-03-21 01:17:00', 21, 21.5, 709, 392, 0, 0, 0, NULL, NULL, NULL, 0, 30, 20.98, 19.97, 455.19, 462.03, 100, 100, 39, 0, NULL, 15.3, 32, 0, NULL, 100, 1, 1, 1),
(1062, NULL, '2019-03-21 01:19:00', 21, 21.5, 710, 391, 0, 0, 0, NULL, NULL, NULL, 0, 30, 20.98, 19.88, 455.19, 462.03, 100, 100, 59, 0, NULL, 15.3, 23, 0, NULL, 100, 1, 1, 1),
(1063, NULL, '2019-03-21 01:21:00', 21, 21.5, 708, 391, 0, 0, 0, NULL, NULL, NULL, 0, 30, 20.98, 20.01, 455.19, 462.03, 100, 100, 92, 0, NULL, 15.3, 25, 0, NULL, 100, 1, 1, 1),
(1064, NULL, '2019-03-21 01:23:00', 21, 21.6, 709, 391, 0, 0, 0, NULL, NULL, NULL, 0, 30, 20.98, 20.09, 455.19, 462.03, 100, 100, 66, 0, NULL, 15.3, 27, 0, NULL, 100, 1, 1, 1),
(1065, NULL, '2019-03-21 01:25:00', 21, 21.6, 709, 391, 0, 0, 0, NULL, NULL, NULL, 0, 30, 20.98, 20.09, 455.19, 462.03, 100, 100, 61, 0, NULL, 15.3, 18, 0, NULL, 100, 1, 1, 1),
(1066, NULL, '2019-03-21 01:27:00', 20.9, 21.6, 711, 390, 0, 0, 0, NULL, NULL, NULL, 0, 30, 20.98, 20.09, 455.19, 462.03, 100, 100, 58, 0, NULL, 15.3, 27, 0, NULL, 100, 1, 1, 1),
(1067, NULL, '2019-03-21 01:29:00', 21, 21.6, 712, 391, 0, 0, 0, NULL, NULL, NULL, 0, 30, 20.98, 19.96, 455.19, 462.03, 100, 100, 48, 0, NULL, 15.3, 36, 0, NULL, 100, 1, 1, 1),
(1068, NULL, '2019-03-21 01:31:00', 21, 21.6, 712, 390, 0, 0, 0, NULL, NULL, NULL, 0, 30, 20.98, 19.84, 455.19, 462.03, 100, 100, 50, 0, NULL, 15.3, 27, 0, NULL, 100, 1, 1, 1),
(1069, NULL, '2019-03-21 01:33:00', 21, 21.6, 712, 390, 0, 0, 0, NULL, NULL, NULL, 0, 30, 20.98, 19.84, 455.19, 462.03, 100, 100, 81, 0, NULL, 15.3, 33, 0, NULL, 100, 1, 1, 1),
(1070, NULL, '2019-03-21 01:35:00', 21, 21.6, 711, 391, 0, 0, 0, NULL, NULL, NULL, 0, 30, 20.98, 19.86, 455.19, 462.03, 100, 100, 101, 0, NULL, 15.3, 39, 0, NULL, 100, 1, 1, 1),
(1071, NULL, '2019-03-21 01:37:00', 20.9, 21.6, 710, 391, 0, 0, 0, NULL, NULL, NULL, 0, 30, 20.98, 20.09, 455.19, 462.03, 100, 100, 63, 0, NULL, 15.3, 43, 0, NULL, 100, 1, 1, 1),
(1072, NULL, '2019-03-21 01:39:00', 21, 21.6, 713, 391, 0, 0, 0, NULL, NULL, NULL, 0, 30, 20.98, 20.09, 455.19, 462.03, 100, 100, 48, 0, NULL, 15.3, 29, 0, NULL, 100, 1, 1, 1),
(1073, NULL, '2019-03-21 01:41:00', 21, 21.6, 713, 390, 0, 0, 0, NULL, NULL, NULL, 0, 30, 20.98, 20.01, 455.19, 462.03, 100, 100, 50, 0, NULL, 15.3, 17, 0, NULL, 100, 1, 1, 1),
(1074, NULL, '2019-03-21 01:43:00', 20.9, 21.6, 712, 390, 0, 0, 0, NULL, NULL, NULL, 0, 30, 20.98, 19.86, 455.19, 462.03, 100, 100, 52, 0, NULL, 15.3, 18, 0, NULL, 100, 1, 1, 1),
(1075, NULL, '2019-03-21 01:45:00', 21, 21.6, 712, 390, 0, 0, 0, NULL, NULL, NULL, 0, 30, 20.98, 19.86, 455.19, 462.03, 100, 100, 44, 0, NULL, 15.3, 37, 0, NULL, 100, 1, 1, 1),
(1076, NULL, '2019-03-21 01:47:00', 20.9, 21.6, 712, 390, 0, 0, 0, NULL, NULL, NULL, 0, 30, 20.98, 19.86, 455.19, 462.03, 100, 100, 68, 0, NULL, 15.3, 42, 0, NULL, 100, 1, 1, 1),
(1077, NULL, '2019-03-21 01:49:00', 20.9, 21.6, 714, 389, 0, 0, 0, NULL, NULL, NULL, 0, 30, 20.98, 19.86, 462.52, 462.03, 100, 100, 60, 0, NULL, 15.3, 41, 0, NULL, 100, 1, 1, 1),
(1078, NULL, '2019-03-21 01:51:00', 20.9, 21.6, 713, 389, 0, 0, 0, NULL, NULL, NULL, 0, 30, 20.98, 19.86, 462.52, 462.03, 100, 100, 76, 0, NULL, 15.3, 50, 0, NULL, 100, 1, 1, 1),
(1079, NULL, '2019-03-21 01:53:00', 20.9, 21.6, 714, 391, 0, 0, 0, NULL, NULL, NULL, 0, 30, 20.98, 19.86, 462.52, 462.03, 100, 100, 83, 0, NULL, 15.3, 57, 0, NULL, 100, 1, 1, 1),
(1080, NULL, '2019-03-21 01:55:00', 20.9, 21.6, 712, 390, 0, 0, 0, NULL, NULL, NULL, 0, 30, 20.98, 19.86, 462.52, 462.03, 100, 100, 77, 0, NULL, 15.3, 38, 0, NULL, 100, 1, 1, 1),
(1081, NULL, '2019-03-21 01:57:00', 20.9, 21.6, 711, 391, 0, 0, 0, NULL, NULL, NULL, 0, 30, 20.98, 19.86, 451.28, 462.03, 100, 100, 52, 0, NULL, 15.3, 23, 0, NULL, 100, 1, 1, 1),
(1082, NULL, '2019-03-21 01:59:00', 20.9, 21.6, 713, 388, 0, 0, 0, NULL, NULL, NULL, 0, 30, 20.98, 19.95, 468.38, 462.03, 100, 100, 55, 0, NULL, 15.3, 45, 0, NULL, 100, 1, 1, 1),
(1083, NULL, '2019-03-21 02:01:00', 20.9, 21.6, 714, 391, 0, 0, 0, NULL, NULL, NULL, 0, 30, 20.98, 20.07, 468.38, 462.03, 100, 100, 63, 0, NULL, 15.3, 33, 0, NULL, 100, 1, 1, 1),
(1084, NULL, '2019-03-21 02:03:00', 20.9, 21.6, 716, 390, 0, 0, 0, NULL, NULL, NULL, 0, 30, 20.98, 19.97, 468.38, 462.03, 100, 100, 34, 0, NULL, 15.3, 45, 0, NULL, 100, 1, 1, 1),
(1085, NULL, '2019-03-21 02:05:00', 20.9, 21.6, 713, 389, 0, 0, 0, NULL, NULL, NULL, 0, 30, 20.98, 19.99, 468.38, 462.03, 100, 100, 66, 0, NULL, 15.3, 27, 0, NULL, 100, 1, 1, 1),
(1086, NULL, '2019-03-21 02:07:00', 20.9, 21.6, 714, 389, 0, 0, 0, NULL, NULL, NULL, 0, 30, 20.98, 20.07, 455.68, 462.03, 100, 100, 72, 0, NULL, 15.3, 22, 0, NULL, 100, 1, 1, 1),
(1087, NULL, '2019-03-21 02:09:00', 20.9, 21.6, 716, 388, 0, 0, 0, NULL, NULL, NULL, 0, 30, 20.98, 20.07, 467.89, 462.03, 100, 100, 65, 0, NULL, 15.3, 27, 0, NULL, 100, 1, 1, 1),
(1088, NULL, '2019-03-21 02:11:00', 20.9, 21.7, 717, 390, 0, 0, 0, NULL, NULL, NULL, 0, 30, 20.98, 20.07, 467.89, 462.03, 100, 100, 42, 0, NULL, 15.3, 34, 0, NULL, 100, 1, 1, 1),
(1089, NULL, '2019-03-21 02:13:00', 20.9, 21.7, 717, 391, 0, 0, 0, NULL, NULL, NULL, 0, 30, 20.98, 20.07, 467.89, 462.03, 100, 100, 67, 0, NULL, 15.3, 48, 0, NULL, 100, 1, 1, 1),
(1090, NULL, '2019-03-21 02:15:00', 20.9, 21.7, 715, 391, 0, 0, 0, NULL, NULL, NULL, 0, 30, 20.98, 20.07, 467.89, 462.03, 100, 100, 67, 0, NULL, 15.3, 62, 0, NULL, 100, 1, 1, 1),
(1091, NULL, '2019-03-21 02:17:00', 20.9, 21.7, 716, 390, 0, 0, 0, NULL, NULL, NULL, 0, 30, 20.98, 20.07, 467.89, 462.03, 100, 100, 38, 0, NULL, 15.3, 91, 0, NULL, 100, 1, 1, 1),
(1092, NULL, '2019-03-21 02:19:00', 20.9, 21.7, 715, 388, 0, 0, 0, NULL, NULL, NULL, 0, 30, 20.98, 20.07, 467.89, 462.03, 100, 100, 49, 0, NULL, 15.3, 55, 0, NULL, 100, 1, 1, 1),
(1093, NULL, '2019-03-21 02:21:00', 20.9, 21.7, 716, 390, 0, 0, 0, NULL, NULL, NULL, 0, 30, 20.98, 19.96, 467.89, 462.03, 100, 100, 52, 0, NULL, 15.3, 45, 0, NULL, 100, 1, 1, 1),
(1094, NULL, '2019-03-21 02:23:00', 20.9, 21.7, 717, 390, 0, 0, 0, NULL, NULL, NULL, 0, 30, 21.16, 19.89, 478.63, 462.03, 100, 100, 66, 0, NULL, 15.3, 50, 0, NULL, 100, 1, 1, 1),
(1095, NULL, '2019-03-21 02:25:00', 20.9, 21.7, 716, 391, 0, 0, 0, NULL, NULL, NULL, 0, 30, 21.23, 20.11, 498.66, 472.77, 100, 100, 68, 0, NULL, 15.3, 74, 0, NULL, 100, 1, 1, 1),
(1096, NULL, '2019-03-21 02:27:00', 20.9, 21.7, 717, 391, 0, 0, 0, NULL, NULL, NULL, 0, 30, 21.23, 20.11, 487.43, 472.77, 100, 100, 93, 0, NULL, 15.3, 45, 0, NULL, 100, 1, 1, 1),
(1097, NULL, '2019-03-21 02:29:00', 20.9, 21.7, 718, 391, 0, 0, 0, NULL, NULL, NULL, 0, 30, 21.23, 20.11, 482.54, 472.77, 100, 100, 61, 0, NULL, 15.3, 46, 0, NULL, 100, 1, 1, 1),
(1098, NULL, '2019-03-21 02:31:00', 20.9, 21.7, 718, 391, 0, 0, 0, NULL, NULL, NULL, 0, 30, 21.23, 20.11, 482.54, 472.77, 100, 100, 65, 0, NULL, 15.3, 106, 0, NULL, 100, 1, 1, 1),
(1099, NULL, '2019-03-21 02:33:00', 20.9, 21.7, 719, 390, 0, 0, 0, NULL, NULL, NULL, 0, 30, 21.23, 20.11, 482.54, 472.77, 100, 100, 88, 0, NULL, 15.3, 50, 0, NULL, 100, 1, 1, 1),
(1100, NULL, '2019-03-21 02:35:00', 20.9, 21.7, 720, 390, 0, 0, 0, NULL, NULL, NULL, 0, 30, 21.23, 20.11, 482.54, 472.77, 100, 100, 80, 0, NULL, 15.3, 68, 0, NULL, 100, 1, 1, 1),
(1101, NULL, '2019-03-21 02:37:00', 20.9, 21.7, 719, 391, 0, 0, 0, NULL, NULL, NULL, 0, 30, 21.23, 20.11, 489.38, 472.77, 100, 100, 90, 0, NULL, 15.3, 111, 0, NULL, 100, 1, 1, 1),
(1102, NULL, '2019-03-21 02:39:00', 20.9, 21.7, 719, 390, 0, 0, 0, NULL, NULL, NULL, 0, 30, 21.23, 22.01, 489.38, 472.77, 100, 100, 50, 0, NULL, 15.3, 114, 0, NULL, 100, 1, 1, 1),
(1103, NULL, '2019-03-21 02:41:00', 20.9, 21.7, 718, 390, 0, 0, 0, NULL, NULL, NULL, 0, 30, 21.38, 23, 489.38, 472.77, 100, 100, 49, 0, NULL, 15.3, 45, 0, NULL, 100, 1, 1, 1),
(1104, NULL, '2019-03-21 02:43:00', 20.9, 21.7, 720, 390, 0, 0, 0, NULL, NULL, NULL, 0, 30, 21.47, 23, 511.85, 472.77, 100, 100, 66, 0, NULL, 15.3, 31, 0, NULL, 100, 1, 1, 1),
(1105, NULL, '2019-03-21 02:45:00', 20.9, 21.8, 719, 389, 0, 0, 0, NULL, NULL, NULL, 0, 30, 21.47, 23, 506.96, 472.77, 100, 100, 82, 0, NULL, 15.3, 33, 0, NULL, 100, 1, 1, 1),
(1106, NULL, '2019-03-21 02:47:00', 20.9, 21.8, 723, 390, 0, 0, 0, NULL, NULL, NULL, 0, 30, 21.25, 23, 494.26, 472.77, 100, 100, 102, 0, NULL, 15.3, 28, 0, NULL, 100, 1, 1, 1),
(1107, NULL, '2019-03-21 02:49:00', 20.9, 21.8, 720, 388, 0, 0, 0, NULL, NULL, NULL, 0, 30, 21.23, 23, 496.22, 472.77, 100, 100, 69, 0, NULL, 15.3, 42, 0, NULL, 100, 1, 1, 1),
(1108, NULL, '2019-03-21 02:51:00', 20.9, 21.8, 718, 389, 0, 0, 0, NULL, NULL, NULL, 0, 30, 21.23, 23, 510.87, 472.77, 100, 100, 79, 0, NULL, 15.3, 27, 0, NULL, 100, 1, 1, 1),
(1109, NULL, '2019-03-21 02:53:00', 20.9, 21.8, 720, 389, 0, 0, 0, NULL, NULL, NULL, 0, 30, 21.23, 23, 546.03, 472.77, 100, 100, 70, 0, NULL, 15.3, 20, 0, NULL, 100, 1, 1, 1),
(1110, NULL, '2019-03-21 02:55:00', 20.9, 21.8, 723, 391, 0, 0, 0, NULL, NULL, NULL, 0, 30, 21.23, 23, 647.13, 472.77, 100, 100, 45, 0, NULL, 15.3, 18, 0, NULL, 100, 1, 1, 1),
(1111, NULL, '2019-03-21 02:57:00', 20.8, 21.8, 722, 390, 0, 0, 0, NULL, NULL, NULL, 0, 30, 21.23, 23, 614.9, 472.77, 100, 100, 59, 0, NULL, 15.3, 25, 0, NULL, 100, 1, 1, 1),
(1112, NULL, '2019-03-21 02:59:00', 20.8, 21.8, 723, 390, 0, 0, 0, NULL, NULL, NULL, 0, 30, 21.23, 23, 572.41, 472.77, 100, 100, 72, 0, NULL, 15.3, 29, 0, NULL, 100, 1, 1, 1),
(1113, NULL, '2019-03-21 03:01:00', 20.8, 21.8, 723, 391, 0, 0, 0, NULL, NULL, NULL, 0, 30, 21.23, 23, 557.27, 462.03, 100, 100, 47, 0, NULL, 15.3, 23, 0, NULL, 100, 1, 1, 1),
(1114, NULL, '2019-03-21 03:03:00', 20.8, 21.8, 722, 391, 0, 0, 0, NULL, NULL, NULL, 0, 30, 21.23, 23, 543.59, 462.03, 100, 100, 66, 0, NULL, 15.3, 23, 0, NULL, 100, 1, 1, 1),
(1115, NULL, '2019-03-21 03:05:00', 20.8, 21.8, 724, 391, 0, 0, 0, NULL, NULL, NULL, 0, 30, 21.23, 23, 543.59, 462.03, 100, 100, 60, 0, NULL, 15.3, 33, 0, NULL, 100, 1, 1, 1),
(1116, NULL, '2019-03-21 03:07:00', 20.8, 21.8, 724, 390, 0, 0, 0, NULL, NULL, NULL, 0, 30, 21.23, 23, 588.04, 462.03, 100, 100, 36, 0, NULL, 15.3, 19, 0, NULL, 100, 1, 1, 1),
(1117, NULL, '2019-03-21 03:09:00', 20.8, 21.8, 722, 389, 0, 0, 0, NULL, NULL, NULL, 0, 30, 21.23, 23, 601.22, 462.03, 100, 100, 34, 0, NULL, 15.3, 29, 0, NULL, 100, 1, 1, 1),
(1118, NULL, '2019-03-21 03:11:00', 20.8, 21.8, 722, 390, 0, 0, 0, NULL, NULL, NULL, 0, 30, 21.09, 23, 607.57, 462.03, 100, 100, 60, 0, NULL, 15.3, 44, 0, NULL, 100, 1, 1, 1),
(1119, NULL, '2019-03-21 03:13:00', 20.8, 21.8, 723, 390, 0, 0, 0, NULL, NULL, NULL, 0, 30, 21, 23, 648.6, 462.03, 100, 100, 65, 0, NULL, 15.3, 32, 0, NULL, 100, 1, 1, 1),
(1120, NULL, '2019-03-21 03:15:00', 20.8, 21.8, 725, 391, 0, 0, 0, NULL, NULL, NULL, 0, 30, 21, 23, 656.41, 462.03, 100, 100, 57, 0, NULL, 15.3, 62, 0, NULL, 100, 1, 1, 1),
(1121, NULL, '2019-03-21 03:17:00', 20.8, 21.9, 724, 391, 0, 0, 0, NULL, NULL, NULL, 0, 30, 21, 23, 675.95, 462.03, 100, 100, 64, 0, NULL, 15.3, 55, 0, NULL, 100, 1, 1, 1),
(1122, NULL, '2019-03-21 03:19:00', 20.8, 21.9, 726, 390, 0, 0, 0, NULL, NULL, NULL, 0, 30, 21, 23, 644.69, 462.03, 100, 100, 58, 0, NULL, 15.3, 47, 0, NULL, 100, 1, 1, 1),
(1123, NULL, '2019-03-21 03:21:00', 20.8, 21.9, 725, 389, 0, 0, 0, NULL, NULL, NULL, 0, 30, 21, 23, 657.39, 462.03, 100, 100, 57, 0, NULL, 15.3, 28, 0, NULL, 100, 1, 1, 1),
(1124, NULL, '2019-03-21 03:23:00', 20.8, 21.9, 722, 391, 0, 0, 0, NULL, NULL, NULL, 0, 30, 21, 23, 685.72, 462.03, 100, 100, 30, 0, NULL, 15.3, 42, 0, NULL, 100, 1, 1, 1),
(1125, NULL, '2019-03-21 03:25:00', 20.8, 21.9, 727, 389, 0, 0, 0, NULL, NULL, NULL, 0, 30, 21, 23, 684.74, 462.03, 100, 100, 49, 0, NULL, 15.3, 46, 0, NULL, 100, 1, 1, 1),
(1126, NULL, '2019-03-21 03:27:00', 20.8, 21.9, 727, 390, 0, 0, 0, NULL, NULL, NULL, 0, 30, 20.92, 23, 649.57, 462.03, 100, 100, 62, 0, NULL, 15.3, 58, 0, NULL, 100, 1, 1, 1),
(1127, NULL, '2019-03-21 03:29:00', 20.8, 21.9, 726, 390, 0, 0, 0, NULL, NULL, NULL, 0, 30, 20.77, 23, 647.13, 462.03, 100, 100, 72, 0, NULL, 15.3, 33, 0, NULL, 100, 1, 1, 1),
(1128, NULL, '2019-03-21 03:31:00', 20.8, 21.9, 725, 389, 0, 0, 0, NULL, NULL, NULL, 0, 30, 20.77, 23, 587.06, 462.03, 100, 100, 77, 0, NULL, 15.3, 36, 0, NULL, 100, 1, 1, 1),
(1129, NULL, '2019-03-21 03:33:00', 20.8, 21.9, 727, 389, 0, 0, 0, NULL, NULL, NULL, 0, 30, 20.77, 23, 610.5, 462.03, 100, 100, 74, 0, NULL, 15.3, 27, 0, NULL, 100, 1, 1, 1),
(1130, NULL, '2019-03-21 03:35:00', 20.8, 21.9, 723, 390, 0, 0, 0, NULL, NULL, NULL, 0, 30, 20.77, 23, 634.43, 462.03, 100, 100, 50, 0, NULL, 15.3, 34, 0, NULL, 100, 1, 1, 1),
(1131, NULL, '2019-03-21 03:37:00', 20.8, 21.9, 725, 389, 0, 0, 0, NULL, NULL, NULL, 0, 30, 20.77, 23, 559.22, 462.03, 100, 100, 44, 0, NULL, 15.3, 24, 0, NULL, 100, 1, 1, 1),
(1132, NULL, '2019-03-21 03:39:00', 20.8, 21.9, 726, 389, 0, 0, 0, NULL, NULL, NULL, 0, 30, 20.77, 23, 599.76, 462.03, 100, 100, 49, 0, NULL, 15.3, 23, 0, NULL, 100, 1, 1, 1),
(1133, NULL, '2019-03-21 03:41:00', 20.8, 21.9, 726, 389, 0, 0, 0, NULL, NULL, NULL, 0, 30, 20.77, 23, 601.22, 462.03, 100, 100, 59, 0, NULL, 15.3, 47, 0, NULL, 100, 1, 1, 1),
(1134, NULL, '2019-03-21 03:43:00', 20.8, 21.9, 726, 388, 0, 0, 0, NULL, NULL, NULL, 0, 30, 20.77, 23, 577.29, 462.03, 100, 100, 67, 0, NULL, 15.3, 29, 0, NULL, 100, 1, 1, 1),
(1135, NULL, '2019-03-21 03:45:00', 20.8, 21.9, 728, 389, 0, 0, 0, NULL, NULL, NULL, 0, 30, 20.77, 23, 545.06, 462.03, 100, 100, 39, 0, NULL, 15.3, 28, 0, NULL, 100, 1, 1, 1),
(1136, NULL, '2019-03-21 03:47:00', 20.8, 21.9, 726, 390, 0, 0, 0, NULL, NULL, NULL, 0, 30, 20.77, 23, 516.73, 462.03, 100, 100, 46, 0, NULL, 15.3, 38, 0, NULL, 100, 1, 1, 1),
(1137, NULL, '2019-03-21 03:49:00', 20.8, 21.9, 730, 390, 0, 0, 0, NULL, NULL, NULL, 0, 30, 20.77, 23, 506.47, 462.03, 100, 100, 61, 0, NULL, 15.3, 53, 0, NULL, 100, 1, 1, 1),
(1138, NULL, '2019-03-21 03:51:00', 20.8, 21.9, 728, 389, 0, 0, 0, NULL, NULL, NULL, 0, 30, 20.77, 23, 490.84, 462.03, 100, 100, 75, 0, NULL, 15.3, 54, 0, NULL, 100, 1, 1, 1),
(1139, NULL, '2019-03-21 03:53:00', 20.8, 21.9, 727, 388, 0, 0, 0, NULL, NULL, NULL, 0, 30, 20.77, 23, 480.1, 462.03, 100, 100, 79, 0, NULL, 15.3, 45, 0, NULL, 100, 1, 1, 1),
(1140, NULL, '2019-03-21 03:55:00', 20.8, 21.9, 731, 388, 0, 0, 0, NULL, NULL, NULL, 0, 30, 20.77, 23, 465.94, 462.03, 100, 100, 82, 0, NULL, 15.3, 31, 0, NULL, 100, 1, 1, 1),
(1141, NULL, '2019-03-21 03:57:00', 20.8, 22, 734, 390, 0, 0, 0, NULL, NULL, NULL, 0, 30, 20.77, 23, 465.94, 462.03, 100, 100, 57, 0, NULL, 15.3, 73, 0, NULL, 100, 1, 1, 1),
(1142, NULL, '2019-03-21 03:59:00', 20.8, 22, 730, 389, 0, 0, 0, NULL, NULL, NULL, 0, 30, 20.77, 23, 465.94, 462.03, 100, 100, 60, 0, NULL, 15.3, 75, 0, NULL, 100, 1, 1, 1),
(1143, NULL, '2019-03-21 04:01:00', 20.8, 22, 727, 390, 0, 0, 0, NULL, NULL, NULL, 0, 30, 20.77, 23, 465.94, 462.03, 100, 100, 64, 0, NULL, 15.3, 65, 0, NULL, 100, 1, 1, 1),
(1144, NULL, '2019-03-21 04:03:00', 20.8, 22, 731, 390, 0, 0, 0, NULL, NULL, NULL, 0, 30, 20.77, 23, 455.19, 462.03, 100, 100, 47, 0, NULL, 15.3, 31, 0, NULL, 100, 1, 1, 1),
(1145, NULL, '2019-03-21 04:05:00', 20.8, 22, 729, 389, 0, 0, 0, NULL, NULL, NULL, 0, 30, 20.73, 23, 455.19, 462.03, 100, 100, 48, 0, NULL, 15.3, 31, 0, NULL, 100, 1, 1, 1),
(1146, NULL, '2019-03-21 04:07:00', 20.8, 22, 728, 390, 0, 0, 0, NULL, NULL, NULL, 0, 30, 20.52, 23, 455.19, 462.03, 100, 100, 65, 0, NULL, 15.3, 28, 0, NULL, 100, 1, 1, 1),
(1147, NULL, '2019-03-21 04:09:00', 20.8, 22, 734, 389, 0, 0, 0, NULL, NULL, NULL, 0, 30, 20.52, 23, 455.19, 462.03, 100, 100, 62, 0, NULL, 15.3, 67, 0, NULL, 100, 1, 1, 1),
(1148, NULL, '2019-03-21 04:11:00', 20.8, 22, 734, 391, 0, 0, 0, NULL, NULL, NULL, 0, 30, 20.52, 23, 455.19, 462.03, 100, 100, 76, 0, NULL, 15.3, 61, 0, NULL, 100, 1, 1, 1),
(1149, NULL, '2019-03-21 04:13:00', 20.8, 22, 732, 389, 0, 0, 0, NULL, NULL, NULL, 0, 30, 20.52, 23, 467.89, 462.03, 100, 100, 81, 0, NULL, 15.3, 50, 0, NULL, 100, 1, 1, 1),
(1150, NULL, '2019-03-21 04:15:00', 20.8, 22, 729, 390, 0, 0, 0, NULL, NULL, NULL, 0, 30, 20.52, 23, 456.17, 462.03, 100, 100, 65, 0, NULL, 15.3, 41, 0, NULL, 100, 1, 1, 1),
(1151, NULL, '2019-03-21 04:17:00', 20.8, 22, 732, 387, 0, 0, 0, NULL, NULL, NULL, 0, 30, 20.52, 23, 456.17, 462.03, 100, 100, 40, 0, NULL, 15.3, 58, 0, NULL, 100, 1, 1, 1),
(1152, NULL, '2019-03-21 04:19:00', 20.7, 22, 736, 388, 0, 0, 0, NULL, NULL, NULL, 0, 30, 20.52, 23, 456.17, 462.03, 100, 100, 62, 0, NULL, 15.3, 43, 0, NULL, 100, 1, 1, 1),
(1153, NULL, '2019-03-21 04:21:00', 20.7, 22, 732, 389, 0, 0, 0, NULL, NULL, NULL, 0, 30, 20.52, 23, 456.17, 462.03, 100, 100, 83, 0, NULL, 15.3, 35, 0, NULL, 100, 1, 1, 1),
(1154, NULL, '2019-03-21 04:23:00', 20.7, 22.1, 733, 389, 0, 0, 0, NULL, NULL, NULL, 0, 30, 20.52, 23, 456.17, 462.03, 100, 100, 76, 0, NULL, 15.3, 25, 0, NULL, 100, 1, 1, 1),
(1155, NULL, '2019-03-21 04:25:00', 20.7, 22.1, 734, 390, 0, 0, 0, NULL, NULL, NULL, 0, 30, 20.52, 23, 456.17, 462.03, 100, 100, 81, 0, NULL, 15.3, 31, 0, NULL, 100, 1, 1, 1),
(1156, NULL, '2019-03-21 04:27:00', 20.7, 22.1, 733, 389, 0, 0, 0, NULL, NULL, NULL, 0, 30, 20.52, 23, 456.17, 462.03, 100, 100, 68, 0, NULL, 15.3, 42, 0, NULL, 100, 1, 1, 1),
(1157, NULL, '2019-03-21 04:29:00', 20.7, 22.1, 735, 390, 0, 0, 0, NULL, NULL, NULL, 0, 30, 20.52, 23, 456.17, 462.03, 100, 100, 87, 0, NULL, 15.3, 42, 0, NULL, 100, 1, 1, 1),
(1158, NULL, '2019-03-21 04:31:00', 20.7, 22.1, 735, 389, 0, 0, 0, NULL, NULL, NULL, 0, 30, 20.52, 23, 456.17, 462.03, 100, 100, 56, 0, NULL, 15.3, 23, 0, NULL, 100, 1, 1, 1),
(1159, NULL, '2019-03-21 04:33:00', 20.7, 22.1, 736, 388, 0, 0, 0, NULL, NULL, NULL, 0, 30, 20.52, 23, 456.17, 462.03, 100, 100, 43, 0, NULL, 15.3, 33, 0, NULL, 100, 1, 1, 1),
(1160, NULL, '2019-03-21 04:35:00', 20.7, 22.1, 732, 388, 0, 0, 0, NULL, NULL, NULL, 0, 30, 20.52, 23, 456.17, 462.03, 100, 100, 78, 0, NULL, 15.3, 35, 0, NULL, 100, 1, 1, 1),
(1161, NULL, '2019-03-21 04:37:00', 20.7, 22.1, 736, 389, 0, 0, 0, NULL, NULL, NULL, 0, 30, 20.52, 23, 456.17, 462.03, 100, 100, 63, 0, NULL, 15.3, 39, 0, NULL, 100, 1, 1, 1),
(1162, NULL, '2019-03-21 04:39:00', 20.7, 22.1, 738, 388, 0, 0, 0, NULL, NULL, NULL, 0, 30, 20.52, 23, 466.42, 462.03, 100, 100, 58, 0, NULL, 15.3, 34, 0, NULL, 100, 1, 1, 1),
(1163, NULL, '2019-03-21 04:41:00', 20.7, 22.1, 737, 389, 0, 0, 0, NULL, NULL, NULL, 0, 30, 20.52, 23, 455.68, 462.03, 100, 100, 40, 0, NULL, 15.3, 33, 0, NULL, 100, 1, 1, 1),
(1164, NULL, '2019-03-21 04:43:00', 20.7, 22.1, 738, 389, 0, 0, 0, NULL, NULL, NULL, 0, 30, 20.52, 23, 455.68, 462.03, 100, 100, 63, 0, NULL, 15.3, 49, 0, NULL, 100, 1, 1, 1),
(1165, NULL, '2019-03-21 04:45:00', 20.7, 22.1, 737, 389, 0, 0, 0, NULL, NULL, NULL, 0, 30, 20.52, 23, 455.68, 462.03, 100, 100, 57, 0, NULL, 15.3, 38, 0, NULL, 100, 1, 1, 1),
(1166, NULL, '2019-03-21 04:47:00', 20.7, 22.1, 739, 389, 0, 0, 0, NULL, NULL, NULL, 0, 30, 20.52, 23, 455.68, 462.03, 100, 100, 38, 0, NULL, 15.3, 44, 0, NULL, 100, 1, 1, 1),
(1167, NULL, '2019-03-21 04:49:00', 20.7, 22.1, 740, 389, 0, 0, 0, NULL, NULL, NULL, 0, 30, 20.52, 23, 455.68, 462.03, 100, 100, 56, 0, NULL, 15.3, 65, 0, NULL, 100, 1, 1, 1),
(1168, NULL, '2019-03-21 04:51:00', 20.7, 22.2, 740, 389, 0, 0, 0, NULL, NULL, NULL, 0, 30, 20.52, 23, 455.68, 462.03, 100, 100, 79, 0, NULL, 15.3, 74, 0, NULL, 100, 1, 1, 1),
(1169, NULL, '2019-03-21 04:53:00', 20.7, 22.1, 739, 389, 0, 0, 0, NULL, NULL, NULL, 0, 30, 20.52, 23, 468.38, 462.03, 100, 100, 69, 0, NULL, 15.3, 61, 0, NULL, 100, 1, 1, 1),
(1170, NULL, '2019-03-21 04:55:00', 20.7, 22.2, 739, 389, 0, 0, 0, NULL, NULL, NULL, 0, 30, 20.52, 23, 455.68, 462.03, 100, 100, 71, 0, NULL, 15.3, 54, 0, NULL, 100, 1, 1, 1),
(1171, NULL, '2019-03-21 04:57:00', 20.7, 22.1, 740, 388, 0, 0, 0, NULL, NULL, NULL, 0, 30, 20.52, 23, 455.68, 462.03, 100, 100, 68, 0, NULL, 15.3, 57, 0, NULL, 100, 1, 1, 1),
(1172, NULL, '2019-03-21 04:59:00', 20.7, 22.2, 740, 388, 0, 0, 0, NULL, NULL, NULL, 0, 30, 20.52, 23, 455.68, 462.03, 100, 100, 36, 0, NULL, 15.3, 67, 0, NULL, 100, 1, 1, 1),
(1173, NULL, '2019-03-21 05:01:00', 20.7, 22.2, 739, 388, 0, 0, 0, NULL, NULL, NULL, 0, 30, 20.52, 23, 455.68, 462.03, 100, 100, 39, 0, NULL, 15.3, 68, 0, NULL, 100, 1, 1, 1),
(1174, NULL, '2019-03-21 05:03:00', 20.7, 22.2, 739, 389, 0, 0, 0, NULL, NULL, NULL, 0, 30, 20.52, 23, 455.68, 462.03, 100, 100, 62, 0, NULL, 15.3, 26, 0, NULL, 100, 1, 1, 1),
(1175, NULL, '2019-03-21 05:05:00', 20.7, 22.2, 741, 390, 0, 0, 0, NULL, NULL, NULL, 0, 30, 20.52, 23, 455.68, 462.03, 100, 100, 63, 0, NULL, 15.3, 28, 0, NULL, 100, 1, 1, 1),
(1176, NULL, '2019-03-21 05:07:00', 20.7, 22.2, 741, 388, 0, 0, 0, NULL, NULL, NULL, 0, 30, 20.52, 23, 455.68, 462.03, 100, 100, 61, 0, NULL, 15.3, 30, 0, NULL, 100, 1, 1, 1),
(1177, NULL, '2019-03-21 05:09:00', 20.7, 22.2, 739, 388, 0, 0, 0, NULL, NULL, NULL, 0, 30, 20.52, 23, 455.68, 462.03, 100, 100, 71, 0, NULL, 15.3, 25, 0, NULL, 100, 1, 1, 1),
(1178, NULL, '2019-03-21 05:11:00', 20.7, 22.2, 742, 388, 0, 0, 0, NULL, NULL, NULL, 0, 30, 20.52, 23, 505.5, 462.03, 100, 100, 97, 0, NULL, 15.3, 18, 0, NULL, 100, 1, 1, 1),
(1179, NULL, '2019-03-21 05:13:00', 20.7, 22.2, 740, 387, 0, 0, 0, NULL, NULL, NULL, 0, 30, 20.52, 23, 465.45, 462.03, 100, 100, 81, 0, NULL, 15.3, 16, 0, NULL, 100, 1, 1, 1),
(1180, NULL, '2019-03-21 05:15:00', 20.7, 22.2, 738, 389, 0, 0, 0, NULL, NULL, NULL, 0, 30, 20.52, 23, 465.45, 462.03, 100, 100, 59, 0, NULL, 15.3, 25, 0, NULL, 100, 1, 1, 1),
(1181, NULL, '2019-03-21 05:17:00', 20.7, 22.2, 739, 388, 0, 0, 0, NULL, NULL, NULL, 0, 30, 20.52, 23, 465.45, 462.03, 100, 100, 47, 0, NULL, 15.3, 44, 0, NULL, 100, 1, 1, 1),
(1182, NULL, '2019-03-21 05:19:00', 20.7, 22.2, 741, 388, 0, 0, 0, NULL, NULL, NULL, 0, 30, 20.52, 23, 465.45, 462.03, 100, 100, 84, 0, NULL, 15.3, 59, 0, NULL, 100, 1, 1, 1),
(1183, NULL, '2019-03-21 05:21:00', 20.7, 22.2, 741, 388, 0, 0, 0, NULL, NULL, NULL, 0, 30, 20.52, 23, 455.19, 462.03, 100, 100, 80, 0, NULL, 15.3, 70, 0, NULL, 100, 1, 1, 1),
(1184, NULL, '2019-03-21 05:23:00', 20.7, 22.2, 743, 388, 0, 0, 0, NULL, NULL, NULL, 0, 30, 20.52, 23, 455.19, 462.03, 100, 100, 87, 0, NULL, 15.3, 79, 0, NULL, 100, 1, 1, 1),
(1185, NULL, '2019-03-21 05:25:00', 20.7, 22.2, 745, 387, 0, 0, 0, NULL, NULL, NULL, 0, 30, 20.52, 23, 455.19, 462.03, 100, 100, 84, 0, NULL, 15.3, 78, 0, NULL, 100, 1, 1, 1),
(1186, NULL, '2019-03-21 05:27:00', 20.7, 22.2, 742, 388, 0, 0, 0, NULL, NULL, NULL, 0, 30, 20.52, 23, 465.45, 462.03, 100, 100, 32, 0, NULL, 15.3, 41, 0, NULL, 100, 1, 1, 1),
(1187, NULL, '2019-03-21 05:29:00', 20.7, 22.2, 744, 389, 0, 0, 0, NULL, NULL, NULL, 0, 30, 20.52, 23, 465.45, 462.03, 100, 100, 27, 0, NULL, 15.3, 43, 0, NULL, 100, 1, 1, 1),
(1188, NULL, '2019-03-21 05:31:00', 20.7, 22.2, 742, 389, 0, 0, 0, NULL, NULL, NULL, 0, 30, 20.74, 23, 465.45, 462.03, 100, 100, 51, 0, NULL, 15.3, 25, 0, NULL, 100, 1, 1, 1),
(1189, NULL, '2019-03-21 05:33:00', 20.7, 22.2, 741, 388, 0, 0, 0, NULL, NULL, NULL, 0, 30, 20.77, 23, 465.45, 462.03, 100, 100, 42, 0, NULL, 15.3, 19, 0, NULL, 100, 1, 1, 1),
(1190, NULL, '2019-03-21 05:35:00', 20.7, 22.2, 743, 389, 0, 0, 0, NULL, NULL, NULL, 0, 30, 20.77, 23, 465.45, 462.03, 100, 100, 43, 0, NULL, 15.3, 19, 0, NULL, 100, 1, 1, 1),
(1191, NULL, '2019-03-21 05:37:00', 20.7, 22.2, 743, 388, 0, 0, 0, NULL, NULL, NULL, 0, 30, 20.77, 23, 465.45, 462.03, 100, 100, 49, 0, NULL, 15.3, 23, 0, NULL, 100, 1, 1, 1),
(1192, NULL, '2019-03-21 05:39:00', 20.7, 22.2, 744, 387, 0, 0, 0, NULL, NULL, NULL, 0, 30, 20.77, 23, 465.45, 462.03, 100, 100, 41, 0, NULL, 15.3, 31, 0, NULL, 100, 1, 1, 1),
(1193, NULL, '2019-03-21 05:41:00', 20.7, 22.3, 745, 389, 0, 0, 0, NULL, NULL, NULL, 0, 30, 20.77, 23, 465.45, 462.03, 100, 100, 39, 0, NULL, 15.3, 31, 0, NULL, 100, 1, 1, 1),
(1194, NULL, '2019-03-21 05:43:00', 20.6, 22.3, 746, 388, 0, 0, 0, NULL, NULL, NULL, 0, 30, 20.77, 23, 475.7, 462.03, 100, 100, 50, 0, NULL, 15.3, 37, 0, NULL, 100, 1, 1, 1),
(1195, NULL, '2019-03-21 05:45:00', 20.6, 22.3, 746, 389, 0, 0, 0, NULL, NULL, NULL, 0, 30, 20.77, 23, 491.33, 462.03, 100, 100, 90, 0, NULL, 15.3, 43, 0, NULL, 100, 1, 1, 1),
(1196, NULL, '2019-03-21 05:47:00', 20.7, 22.3, 748, 389, 0, 0, 0, NULL, NULL, NULL, 0, 30, 20.77, 23, 478.15, 462.03, 100, 100, 75, 0, NULL, 15.3, 49, 0, NULL, 100, 1, 1, 1),
(1197, NULL, '2019-03-21 05:49:00', 20.6, 22.3, 748, 389, 0, 0, 0, NULL, NULL, NULL, 0, 30, 20.84, 23, 478.15, 462.03, 100, 100, 87, 0, NULL, 15.3, 20, 0, NULL, 100, 1, 1, 1),
(1198, NULL, '2019-03-21 05:51:00', 20.6, 22.3, 745, 389, 0, 0, 0, NULL, NULL, NULL, 0, 30, 21, 23, 478.15, 462.03, 100, 100, 79, 0, NULL, 15.3, 31, 0, NULL, 100, 1, 1, 1),
(1199, NULL, '2019-03-21 05:53:00', 20.6, 22.3, 745, 389, 0, 0, 0, NULL, NULL, NULL, 0, 30, 21, 23, 478.15, 462.03, 100, 100, 72, 0, NULL, 15.3, 36, 0, NULL, 100, 1, 1, 1),
(1200, NULL, '2019-03-21 05:55:00', 20.6, 22.3, 747, 387, 0, 0, 0, NULL, NULL, NULL, 0, 30, 21, 23, 467.4, 462.03, 100, 100, 64, 0, NULL, 15.3, 39, 0, NULL, 100, 1, 1, 1),
(1201, NULL, '2019-03-21 05:57:00', 20.6, 22.3, 746, 389, 0, 0, 0, NULL, NULL, NULL, 0, 30, 21, 23, 467.4, 462.03, 100, 100, 62, 0, NULL, 15.3, 37, 0, NULL, 100, 1, 1, 1),
(1202, NULL, '2019-03-21 05:59:00', 20.6, 22.3, 746, 389, 0, 0, 0, NULL, NULL, NULL, 0, 30, 21, 23, 480.1, 462.03, 100, 100, 92, 0, NULL, 15.3, 42, 0, NULL, 100, 1, 1, 1),
(1203, NULL, '2019-03-21 06:01:00', 20.6, 22.3, 745, 387, 0, 0, 0, NULL, NULL, NULL, 0, 30, 21, 23, 469.84, 462.03, 100, 100, 48, 0, NULL, 15.3, 36, 0, NULL, 100, 1, 1, 1),
(1204, NULL, '2019-03-21 06:03:00', 20.6, 22.3, 749, 387, 0, 0, 0, NULL, NULL, NULL, 0, 30, 21, 23, 469.84, 462.03, 100, 100, 73, 0, NULL, 15.3, 23, 0, NULL, 100, 1, 1, 1),
(1205, NULL, '2019-03-21 06:05:00', 20.6, 22.3, 745, 387, 0, 0, 0, NULL, NULL, NULL, 0, 30, 21, 23, 481.56, 462.03, 100, 100, 63, 0, NULL, 15.3, 24, 0, NULL, 100, 1, 1, 1),
(1206, NULL, '2019-03-21 06:07:00', 20.6, 22.3, 747, 388, 0, 0, 0, NULL, NULL, NULL, 0, 30, 21, 23, 481.56, 462.03, 100, 100, 66, 0, NULL, 15.3, 18, 0, NULL, 100, 1, 1, 1),
(1207, NULL, '2019-03-21 06:09:00', 20.6, 22.3, 748, 388, 0, 0, 0, NULL, NULL, NULL, 0, 30, 21, 23, 481.56, 462.03, 100, 100, 54, 0, NULL, 15.3, 17, 0, NULL, 100, 1, 1, 1),
(1208, NULL, '2019-03-21 06:11:00', 20.6, 22.3, 750, 390, 0, 0, 0, NULL, NULL, NULL, 0, 30, 20.92, 23, 488.4, 462.03, 100, 100, 38, 0, NULL, 15.3, 16, 0, NULL, 100, 1, 1, 1),
(1209, NULL, '2019-03-21 06:13:00', 20.6, 22.4, 747, 389, 0, 0, 0, NULL, NULL, NULL, 0, 30, 20.77, 23, 476.68, 462.03, 100, 100, 60, 0, NULL, 15.3, 15, 0, NULL, 100, 1, 1, 1),
(1210, NULL, '2019-03-21 06:15:00', 20.6, 22.4, 747, 388, 0, 0, 0, NULL, NULL, NULL, 0, 30, 20.77, 23, 476.19, 462.03, 100, 100, 62, 0, NULL, 15.3, 23, 0, NULL, 100, 1, 1, 1),
(1211, NULL, '2019-03-21 06:17:00', 20.6, 22.4, 746, 389, 0, 0, 0, NULL, NULL, NULL, 0, 30, 20.77, 23, 476.19, 462.03, 100, 100, 32, 0, NULL, 15.3, 28, 0, NULL, 100, 1, 1, 1),
(1212, NULL, '2019-03-21 06:19:00', 20.6, 22.4, 747, 388, 0, 0, 0, NULL, NULL, NULL, 0, 30, 20.77, 23, 544.57, 462.03, 100, 100, 57, 0, NULL, 15.3, 22, 0, NULL, 100, 1, 1, 1),
(1213, NULL, '2019-03-21 06:21:00', 20.6, 22.4, 750, 388, 0, 0, 0, NULL, NULL, NULL, 0, 30, 20.77, 23, 503.05, 462.03, 100, 100, 46, 0, NULL, 15.3, 25, 0, NULL, 100, 1, 1, 1),
(1214, NULL, '2019-03-21 06:23:00', 20.6, 22.4, 749, 388, 0, 0, 0, NULL, NULL, NULL, 0, 30, 20.77, 23, 484.01, 462.03, 100, 100, 36, 0, NULL, 15.3, 22, 0, NULL, 100, 1, 1, 1),
(1215, NULL, '2019-03-21 06:25:00', 20.6, 22.4, 747, 388, 0, 0, 0, NULL, NULL, NULL, 0, 30, 20.77, 23, 501.59, 462.03, 100, 100, 32, 0, NULL, 15.3, 23, 0, NULL, 100, 1, 1, 1),
(1216, NULL, '2019-03-21 06:27:00', 20.6, 22.4, 746, 388, 0, 0, 0, NULL, NULL, NULL, 0, 30, 20.77, 23, 490.36, 462.03, 100, 100, 50, 0, NULL, 15.3, 25, 0, NULL, 100, 1, 1, 1),
(1217, NULL, '2019-03-21 06:29:00', 20.6, 22.4, 750, 389, 0, 0, 0, NULL, NULL, NULL, 0, 30, 20.77, 23, 476.19, 462.03, 100, 100, 49, 0, NULL, 15.3, 29, 0, NULL, 100, 1, 1, 1),
(1218, NULL, '2019-03-21 06:31:00', 20.6, 22.4, 751, 388, 0, 0, 0, NULL, NULL, NULL, 0, 30, 20.77, 23, 489.87, 462.03, 100, 100, 40, 0, NULL, 15.3, 35, 0, NULL, 100, 1, 1, 1),
(1219, NULL, '2019-03-21 06:33:00', 20.6, 22.4, 750, 388, 0, 0, 0, NULL, NULL, NULL, 0, 30, 20.77, 23, 489.87, 462.03, 100, 100, 28, 0, NULL, 15.3, 21, 0, NULL, 100, 1, 1, 1),
(1220, NULL, '2019-03-21 06:35:00', 20.6, 22.4, 753, 387, 0, 0, 0, NULL, NULL, NULL, 0, 30, 20.77, 23, 489.87, 462.03, 100, 100, 66, 0, NULL, 15.3, 23, 0, NULL, 100, 1, 1, 1),
(1221, NULL, '2019-03-21 06:37:00', 20.6, 22.4, 752, 387, 0, 0, 0, NULL, NULL, NULL, 0, 30, 20.77, 23, 485.96, 462.03, 100, 100, 67, 0, NULL, 15.3, 24, 0, NULL, 100, 1, 1, 1),
(1222, NULL, '2019-03-21 06:39:00', 20.6, 22.4, 753, 388, 0, 0, 0, NULL, NULL, NULL, 0, 30, 20.77, 23, 473.75, 462.03, 100, 100, 51, 0, NULL, 15.3, 34, 0, NULL, 100, 1, 1, 1),
(1223, NULL, '2019-03-21 06:41:00', 20.6, 22.4, 753, 389, 0, 0, 0, NULL, NULL, NULL, 0, 30, 20.77, 23, 489.38, 462.03, 100, 100, 56, 0, NULL, 15.3, 23, 0, NULL, 100, 1, 1, 1),
(1224, NULL, '2019-03-21 06:43:00', 20.6, 22.4, 751, 388, 0, 0, 0, NULL, NULL, NULL, 0, 30, 20.77, 23, 489.87, 462.03, 100, 100, 75, 0, NULL, 15.3, 34, 0, NULL, 100, 1, 1, 1),
(1225, NULL, '2019-03-21 06:45:00', 20.6, 22.4, 752, 388, 0, 0, 0, NULL, NULL, NULL, 0, 30, 20.77, 23, 477.17, 462.03, 100, 100, 65, 0, NULL, 15.3, 32, 0, NULL, 100, 1, 1, 1),
(1226, NULL, '2019-03-21 06:47:00', 20.6, 22.5, 754, 389, 0, 0, 0, NULL, NULL, NULL, 0, 30, 20.77, 23, 489.38, 462.03, 100, 100, 62, 0, NULL, 15.3, 26, 0, NULL, 100, 1, 1, 1),
(1227, NULL, '2019-03-21 06:49:00', 20.6, 22.5, 752, 388, 0, 0, 0, NULL, NULL, NULL, 0, 30, 20.77, 23, 489.38, 462.03, 100, 100, 62, 0, NULL, 15.3, 20, 0, NULL, 100, 1, 1, 1),
(1228, NULL, '2019-03-21 06:51:00', 20.5, 22.5, 753, 387, 0, 0, 0, NULL, NULL, NULL, 0, 30, 20.77, 23, 478.63, 462.03, 100, 100, 53, 0, NULL, 15.3, 13, 0, NULL, 100, 1, 1, 1),
(1229, NULL, '2019-03-21 06:53:00', 20.6, 22.5, 756, 388, 0, 0, 0, NULL, NULL, NULL, 0, 30, 20.77, 23, 567.52, 462.03, 100, 100, 38, 0, NULL, 15.3, 18, 0, NULL, 100, 1, 1, 1),
(1230, NULL, '2019-03-21 06:55:00', 20.6, 22.5, 755, 386, 0, 0, 0, NULL, NULL, NULL, 0, 30, 20.77, 23, 485.96, 462.03, 100, 100, 24, 0, NULL, 15.3, 19, 0, NULL, 100, 1, 1, 1),
(1231, NULL, '2019-03-21 06:57:00', 20.6, 22.5, 758, 387, 0, 0, 0, NULL, NULL, NULL, 0, 30, 20.77, 23, 473.26, 462.03, 100, 100, 55, 0, NULL, 15.3, 25, 0, NULL, 100, 1, 1, 1),
(1232, NULL, '2019-03-21 06:59:00', 20.6, 22.5, 755, 389, 0, 0, 0, NULL, NULL, NULL, 0, 30, 20.77, 23, 473.26, 462.03, 100, 100, 50, 0, NULL, 15.3, 19, 0, NULL, 100, 1, 1, 1),
(1233, NULL, '2019-03-21 07:01:00', 20.6, 22.5, 755, 388, 0, 0, 0, NULL, NULL, NULL, 0, 30, 20.77, 23, 473.26, 462.03, 100, 100, 66, 0, NULL, 15.3, 24, 0, NULL, 100, 1, 1, 1),
(1234, NULL, '2019-03-21 07:03:00', 20.6, 22.5, 755, 389, 0, 0, 0, NULL, NULL, NULL, 0, 30, 20.77, 23, 473.26, 462.03, 100, 100, 61, 0, NULL, 15.3, 17, 0, NULL, 100, 1, 1, 1),
(1235, NULL, '2019-03-21 07:05:00', 20.6, 22.5, 754, 388, 0, 0, 0, NULL, NULL, NULL, 0, 30, 20.77, 23, 473.26, 462.03, 100, 100, 48, 0, NULL, 15.3, 30, 0, NULL, 100, 1, 1, 1),
(1236, NULL, '2019-03-21 07:07:00', 20.6, 22.5, 755, 388, 0, 0, 0, NULL, NULL, NULL, 0, 30, 20.77, 23, 473.26, 462.03, 100, 100, 32, 0, NULL, 15.3, 41, 0, NULL, 100, 1, 1, 1),
(1237, NULL, '2019-03-21 07:09:00', 20.5, 22.5, 757, 388, 0, 0, 0, NULL, NULL, NULL, 0, 30, 20.77, 23, 473.26, 462.03, 100, 100, 63, 0, NULL, 15.3, 28, 0, NULL, 100, 1, 1, 1),
(1238, NULL, '2019-03-21 07:11:00', 20.5, 22.5, 757, 388, 0, 0, 0, NULL, NULL, NULL, 0, 30, 20.77, 23, 473.26, 462.03, 100, 100, 59, 0, NULL, 15.3, 24, 0, NULL, 100, 1, 1, 1),
(1239, NULL, '2019-03-21 07:13:00', 20.5, 22.5, 758, 388, 0, 0, 0, NULL, NULL, NULL, 0, 30, 20.77, 23, 473.26, 462.03, 100, 100, 71, 0, NULL, 15.3, 22, 0, NULL, 100, 1, 1, 1),
(1240, NULL, '2019-03-21 07:15:00', 20.5, 22.5, 755, 389, 0, 0, 0, NULL, NULL, NULL, 0, 30, 20.77, 23, 473.26, 462.03, 100, 100, 66, 0, NULL, 15.3, 20, 0, NULL, 100, 1, 1, 1),
(1241, NULL, '2019-03-21 07:17:00', 20.5, 22.5, 759, 389, 0, 0, 0, NULL, NULL, NULL, 0, 30, 20.77, 23, 473.26, 462.03, 100, 100, 57, 0, NULL, 15.3, 18, 0, NULL, 100, 1, 1, 1),
(1242, NULL, '2019-03-21 07:19:00', 20.5, 22.5, 759, 388, 0, 0, 0, NULL, NULL, NULL, 0, 30, 20.77, 23, 473.26, 462.03, 100, 100, 35, 0, NULL, 15.3, 26, 0, NULL, 100, 1, 1, 1),
(1243, NULL, '2019-03-21 07:21:00', 20.5, 22.5, 759, 387, 0, 0, 0, NULL, NULL, NULL, 0, 30, 20.77, 23, 473.26, 462.03, 100, 100, 0, 0, NULL, 15.3, 25, 0, NULL, 100, 1, 1, 1),
(1244, NULL, '2019-03-21 07:23:00', 20.5, 22.6, 758, 388, 0, 0, 0, NULL, NULL, NULL, 0, 30, 20.75, 23, 473.26, 462.03, 100, 100, 79, 0, NULL, 15.3, 24, 0, NULL, 100, 1, 1, 1),
(1245, NULL, '2019-03-21 07:25:00', 20.5, 22.5, 756, 388, 0, 0, 0, NULL, NULL, NULL, 0, 30, 20.55, 23, 473.26, 462.03, 100, 100, 56, 0, NULL, 15.3, 22, 0, NULL, 100, 1, 1, 1),
(1246, NULL, '2019-03-21 07:27:00', 20.5, 22.5, 759, 387, 0, 0, 0, NULL, NULL, NULL, 0, 30, 20.55, 23, 473.26, 462.03, 100, 100, 48, 0, NULL, 15.3, 21, 0, NULL, 100, 1, 1, 1),
(1247, NULL, '2019-03-21 07:29:00', 20.5, 22.6, 759, 388, 0, 0, 0, NULL, NULL, NULL, 0, 30, 20.55, 23, 473.26, 462.03, 100, 100, 81, 0, NULL, 15.3, 18, 0, NULL, 100, 1, 1, 1),
(1248, NULL, '2019-03-21 07:31:00', 20.5, 22.6, 760, 388, 0, 0, 0, NULL, NULL, NULL, 0, 30, 20.55, 23, 473.26, 462.03, 100, 100, 75, 0, NULL, 15.3, 24, 0, NULL, 100, 1, 1, 1),
(1249, NULL, '2019-03-21 07:33:00', 20.5, 22.6, 760, 387, 0, 0, 0, NULL, NULL, NULL, 0, 30, 20.55, 23, 473.26, 462.03, 100, 100, 45, 0, NULL, 15.3, 16, 0, NULL, 100, 1, 1, 1),
(1250, NULL, '2019-03-21 07:35:00', 20.5, 22.6, 757, 388, 0, 0, 0, NULL, NULL, NULL, 0, 30, 20.55, 23, 473.26, 462.03, 100, 100, 40, 0, NULL, 15.3, 16, 0, NULL, 100, 1, 1, 1),
(1251, NULL, '2019-03-21 07:37:00', 20.5, 22.6, 758, 387, 0, 0, 0, NULL, NULL, NULL, 0, 30, 20.55, 23, 462.52, 462.03, 100, 100, 64, 0, NULL, 15.3, 18, 0, NULL, 100, 1, 1, 1),
(1252, NULL, '2019-03-21 07:39:00', 20.5, 22.6, 755, 388, 0, 0, 0, NULL, NULL, NULL, 0, 30, 20.55, 23, 473.26, 462.03, 100, 100, 58, 0, NULL, 15.3, 21, 0, NULL, 100, 1, 1, 1),
(1253, NULL, '2019-03-21 07:41:00', 20.5, 22.6, 755, 387, 0, 0, 0, NULL, NULL, NULL, 0, 30, 20.55, 23, 473.26, 462.03, 100, 100, 52, 0, NULL, 15.3, 29, 0, NULL, 100, 1, 1, 1),
(1254, NULL, '2019-03-21 07:43:00', 20.5, 22.6, 757, 388, 0, 0, 0, NULL, NULL, NULL, 0, 30, 20.55, 23, 473.26, 462.03, 100, 100, 61, 0, NULL, 15.3, 28, 0, NULL, 100, 1, 1, 1),
(1255, NULL, '2019-03-21 07:45:00', 20.5, 22.6, 758, 386, 0, 0, 0, NULL, NULL, NULL, 0, 30, 20.55, 23, 473.26, 462.03, 100, 100, 50, 0, NULL, 15.3, 21, 0, NULL, 100, 1, 1, 1),
(1256, NULL, '2019-03-21 07:47:00', 20.5, 22.6, 759, 388, 0, 0, 0, NULL, NULL, NULL, 0, 30, 20.55, 23, 473.26, 462.03, 100, 100, 48, 0, NULL, 15.3, 19, 0, NULL, 100, 1, 1, 1),
(1257, NULL, '2019-03-21 07:49:00', 20.5, 22.6, 758, 387, 0, 0, 0, NULL, NULL, NULL, 0, 30, 20.55, 23, 462.52, 462.03, 100, 100, 40, 0, NULL, 15.3, 26, 0, NULL, 100, 1, 1, 1),
(1258, NULL, '2019-03-21 07:51:00', 20.5, 22.6, 758, 387, 0, 0, 0, NULL, NULL, NULL, 0, 30, 20.55, 23, 462.52, 462.03, 100, 100, 64, 0, NULL, 15.3, 26, 0, NULL, 100, 1, 1, 1),
(1259, NULL, '2019-03-21 07:53:00', 20.5, 22.6, 762, 388, 0, 0, 0, NULL, NULL, NULL, 0, 30, 20.55, 23, 462.52, 462.03, 100, 100, 45, 0, NULL, 15.3, 23, 0, NULL, 100, 1, 1, 1),
(1260, NULL, '2019-03-21 07:55:00', 20.5, 22.6, 760, 389, 0, 0, 0, NULL, NULL, NULL, 0, 30, 20.55, 23, 449.82, 462.03, 100, 100, 51, 0, NULL, 15.3, 23, 0, NULL, 100, 1, 1, 1),
(1261, NULL, '2019-03-21 07:57:00', 20.5, 22.6, 758, 387, 0, 0, 0, NULL, NULL, NULL, 0, 30, 20.55, 23.19, 449.82, 462.03, 100, 100, 56, 0, NULL, 15.3, 20, 0, NULL, 100, 1, 1, 1),
(1262, NULL, '2019-03-21 07:59:00', 20.5, 22.6, 761, 387, 0, 0, 0, NULL, NULL, NULL, 0, 30, 20.55, 22.99, 461.54, 462.03, 100, 100, 69, 0, NULL, 15.3, 18, 0, NULL, 100, 1, 1, 1),
(1263, NULL, '2019-03-21 08:01:00', 20.5, 22.6, 762, 387, 0, 0, 0, NULL, NULL, NULL, 0, 30, 20.55, 22.99, 461.54, 462.03, 100, 100, 42, 0, NULL, 15.3, 16, 0, NULL, 100, 1, 1, 1),
(1264, NULL, '2019-03-21 08:03:00', 20.5, 22.7, 764, 388, 0, 0, 0, NULL, NULL, NULL, 0, 30, 20.55, 23.02, 461.54, 462.03, 100, 100, 25, 0, NULL, 15.3, 19, 0, NULL, 100, 1, 1, 1),
(1265, NULL, '2019-03-21 08:05:00', 20.5, 22.7, 762, 388, 0, 0, 0, NULL, NULL, NULL, 0, 30, 20.55, 23, 449.82, 462.03, 100, 100, 43, 0, NULL, 15.3, 25, 0, NULL, 100, 1, 1, 1),
(1266, NULL, '2019-03-21 08:07:00', 20.5, 22.7, 763, 386, 0, 0, 0, NULL, NULL, NULL, 0, 30, 20.55, 22.81, 448.84, 462.03, 100, 100, 51, 0, NULL, 15.3, 25, 0, NULL, 100, 1, 1, 1),
(1267, NULL, '2019-03-21 08:09:00', 20.5, 22.7, 762, 386, 0, 0, 0, NULL, NULL, NULL, 0, 30, 20.55, 22.83, 461.05, 462.03, 100, 100, 65, 0, NULL, 15.3, 29, 0, NULL, 100, 1, 1, 1),
(1268, NULL, '2019-03-21 08:11:00', 20.5, 22.7, 764, 387, 0, 0, 0, NULL, NULL, NULL, 0, 30, 20.55, 23.09, 448.35, 462.03, 100, 100, 43, 0, NULL, 15.3, 0, 0, NULL, 100, 1, 1, 1),
(1269, NULL, '2019-03-21 08:13:00', 20.5, 22.7, 762, 387, 0, 0, 0, NULL, NULL, NULL, 0, 30, 20.55, 23.09, 448.35, 462.03, 100, 100, 52, 0, NULL, 15.3, 19, 0, NULL, 100, 1, 1, 1),
(1270, NULL, '2019-03-21 08:15:00', 20.5, 22.7, 764, 389, 0, 0, 0, NULL, NULL, NULL, 0, 30, 20.55, 23.09, 448.35, 462.03, 100, 100, 49, 0, NULL, 15.3, 16, 0, NULL, 100, 1, 1, 1),
(1271, NULL, '2019-03-21 08:17:00', 20.5, 22.7, 765, 388, 0, 0, 0, NULL, NULL, NULL, 0, 30, 20.55, 23.09, 448.35, 462.03, 100, 100, 45, 0, NULL, 15.3, 21, 0, NULL, 100, 1, 1, 1),
(1272, NULL, '2019-03-21 08:19:00', 20.5, 22.7, 763, 386, 0, 0, 0, NULL, NULL, NULL, 0, 30, 20.55, 23.09, 448.35, 462.03, 100, 100, 78, 0, NULL, 15.3, 31, 0, NULL, 100, 1, 1, 1),
(1273, NULL, '2019-03-21 08:21:00', 20.5, 22.7, 763, 386, 0, 0, 0, NULL, NULL, NULL, 0, 30, 20.55, 22.95, 461.05, 462.03, 100, 100, 81, 0, NULL, 15.3, 36, 0, NULL, 100, 1, 1, 1),
(1274, NULL, '2019-03-21 08:23:00', 20.4, 22.7, 763, 386, 0, 0, 0, NULL, NULL, NULL, 0, 30, 20.55, 22.86, 461.05, 462.03, 100, 100, 52, 0, NULL, 15.3, 44, 0, NULL, 100, 1, 1, 1),
(1275, NULL, '2019-03-21 08:25:00', 20.5, 22.7, 762, 387, 0, 0, 0, NULL, NULL, NULL, 0, 30, 20.55, 22.99, 460.56, 472.28, 100, 100, 70, 0, NULL, 15.3, 30, 0, NULL, 100, 1, 1, 1),
(1276, NULL, '2019-03-21 08:27:00', 20.4, 22.7, 762, 386, 0, 0, 0, NULL, NULL, NULL, 0, 30, 20.55, 23.09, 450.31, 472.28, 100, 100, 59, 0, NULL, 15.3, 22, 0, NULL, 100, 1, 1, 1),
(1277, NULL, '2019-03-21 08:29:00', 20.5, 22.7, 766, 388, 0, 0, 0, NULL, NULL, NULL, 0, 30, 20.55, 22.99, 450.31, 472.28, 100, 100, 52, 0, NULL, 15.3, 18, 0, NULL, 100, 1, 1, 1),
(1278, NULL, '2019-03-21 08:31:00', 20.4, 22.7, 764, 388, 0, 0, 0, NULL, NULL, NULL, 0, 30, 20.55, 23.07, 460.56, 472.28, 100, 100, 49, 0, NULL, 15.3, 22, 0, NULL, 100, 1, 1, 1),
(1279, NULL, '2019-03-21 08:33:00', 20.4, 22.8, 766, 388, 0, 0, 0, NULL, NULL, NULL, 0, 30, 20.55, 23.12, 460.56, 472.28, 100, 100, 67, 0, NULL, 15.3, 25, 0, NULL, 100, 1, 1, 1),
(1280, NULL, '2019-03-21 08:35:00', 20.4, 22.8, 763, 388, 0, 0, 0, NULL, NULL, NULL, 0, 30, 20.55, 22.94, 460.56, 472.28, 100, 100, 65, 0, NULL, 15.3, 23, 0, NULL, 100, 1, 1, 1),
(1281, NULL, '2019-03-21 08:37:00', 20.4, 22.8, 765, 387, 0, 0, 0, NULL, NULL, NULL, 0, 30, 20.55, 22.98, 460.56, 472.28, 100, 100, 65, 0, NULL, 15.3, 22, 0, NULL, 100, 1, 1, 1),
(1282, NULL, '2019-03-21 08:39:00', 20.4, 22.8, 764, 387, 0, 0, 0, NULL, NULL, NULL, 0, 30, 20.55, 23.13, 460.56, 472.28, 100, 100, 41, 0, NULL, 15.3, 24, 0, NULL, 100, 1, 1, 1),
(1283, NULL, '2019-03-21 08:41:00', 20.4, 22.8, 766, 386, 0, 0, 0, NULL, NULL, NULL, 0, 30, 20.55, 22.86, 460.56, 472.28, 100, 100, 50, 0, NULL, 15.3, 17, 0, NULL, 100, 1, 1, 1),
(1284, NULL, '2019-03-21 08:43:00', 20.4, 22.8, 764, 387, 0, 0, 0, NULL, NULL, NULL, 0, 30, 20.55, 23, 460.56, 483.03, 100, 100, 28, 0, NULL, 15.3, 19, 0, NULL, 100, 1, 1, 1),
(1285, NULL, '2019-03-21 08:45:00', 20.4, 22.8, 765, 390, 0, 0, 0, NULL, NULL, NULL, 0, 30, 20.55, 23, 460.56, 483.03, 100, 100, 20, 0, NULL, 15.3, 20, 0, NULL, 100, 1, 1, 1),
(1286, NULL, '2019-03-21 08:47:00', 20.4, 22.8, 767, 388, 0, 0, 0, NULL, NULL, NULL, 0, 30, 20.55, 23, 460.56, 483.03, 100, 100, 47, 0, NULL, 15.3, 19, 0, NULL, 100, 1, 1, 1),
(1287, NULL, '2019-03-21 08:49:00', 20.4, 22.8, 767, 388, 0, 0, 0, NULL, NULL, NULL, 0, 30, 20.55, 23, 460.56, 483.03, 100, 100, 31, 0, NULL, 15.3, 25, 0, NULL, 100, 1, 1, 1);
INSERT INTO `data` (`id`, `capteur_id`, `date`, `temperature_Interieure`, `Relative_Humidity_Interieure`, `TVOC_Interieure`, `Carbon_Dioxide_Interieure`, `Ozone_Interieure`, `Carbon_Monoxide_Interieure`, `Benzene_Interieure`, `Toluene_Interieure`, `Formaldehyde_Interieure`, `PM`, `Eclairage_Interieure`, `Acoutique_Interieure`, `Temperature_Soufflage`, `Temperature_Extraction`, `CO2_Soufflage`, `CO2_Extraction`, `Debit_Soufflage`, `Debit_Extraction`, `NOX_Exterieure`, `NO_Exterieure`, `Ozone_Exterieure`, `NO2_Exterieure`, `PM_Exterieure`, `SO2_Exterieure`, `CO_Exterieure`, `COV_Exterieure`, `Benzene_Exterieure`, `Formaldehyde_Exterieure`, `Toluene_Exterieure`) VALUES
(1288, NULL, '2019-03-21 08:51:00', 20.4, 22.8, 767, 389, 0, 0, 0, NULL, NULL, NULL, 0, 30, 20.55, 23, 460.56, 483.03, 100, 100, 47, 0, NULL, 15.3, 28, 0, NULL, 100, 1, 1, 1),
(1289, NULL, '2019-03-21 08:53:00', 20.4, 22.8, 768, 387, 0, 0, 0, NULL, NULL, NULL, 0, 30, 20.55, 23, 460.56, 483.03, 100, 100, 45, 0, NULL, 15.3, 21, 0, NULL, 100, 1, 1, 1),
(1290, NULL, '2019-03-21 08:55:00', 20.4, 22.8, 771, 387, 0, 0, 0, NULL, NULL, NULL, 0, 30, 20.55, 23, 471.31, 483.03, 100, 100, 35, 0, NULL, 15.3, 23, 0, NULL, 100, 1, 1, 1),
(1291, NULL, '2019-03-21 08:57:00', 20.4, 22.8, 770, 386, 0, 0, 0, NULL, NULL, NULL, 0, 30, 20.55, 23, 471.31, 483.03, 100, 100, 45, 0, NULL, 15.3, 19, 0, NULL, 100, 1, 1, 1),
(1292, NULL, '2019-03-21 08:59:00', 20.4, 22.8, 771, 388, 0, 0, 0, NULL, NULL, NULL, 0, 30, 20.55, 23, 471.31, 493.29, 100, 100, 22, 0, NULL, 15.3, 24, 0, NULL, 100, 1, 1, 1),
(1293, NULL, '2019-03-21 09:01:00', 20.4, 22.8, 768, 387, 0, 0, 0, NULL, NULL, NULL, 0, 30, 20.55, 23, 471.31, 493.29, 100, 100, 68, 0, NULL, 15.3, 28, 0, NULL, 100, 1, 1, 1),
(1294, NULL, '2019-03-21 09:03:00', 20.4, 22.9, 769, 387, 0, 0, 0, NULL, NULL, NULL, 0, 30, 20.55, 23, 471.31, 493.29, 100, 100, 61, 0, NULL, 15.3, 24, 0, NULL, 100, 1, 1, 1),
(1295, NULL, '2019-03-21 09:05:00', 20.4, 22.9, 771, 386, 0, 0, 0, NULL, NULL, NULL, 0, 30, 20.55, 23, 471.31, 493.29, 100, 100, 48, 0, NULL, 15.3, 22, 0, NULL, 100, 1, 1, 1),
(1296, NULL, '2019-03-21 09:07:00', 20.4, 22.9, 771, 388, 0, 0, 0, NULL, NULL, NULL, 0, 30, 20.55, 23, 471.31, 493.29, 100, 100, 64, 0, NULL, 15.3, 26, 0, NULL, 100, 1, 1, 1),
(1297, NULL, '2019-03-21 09:09:00', 20.4, 22.9, 768, 388, 0, 0, 0, NULL, NULL, NULL, 0, 30, 20.55, 23, 471.31, 493.29, 100, 100, 54, 0, NULL, 15.3, 21, 0, NULL, 100, 1, 1, 1),
(1298, NULL, '2019-03-21 09:11:00', 20.4, 22.9, 769, 387, 0, 0, 0, NULL, NULL, NULL, 0, 30, 20.55, 23, 483.52, 505.01, 100, 100, 35, 0, NULL, 15.3, 23, 0, NULL, 100, 1, 1, 1),
(1299, NULL, '2019-03-21 09:13:00', 20.4, 22.9, 769, 386, 0, 0, 0, NULL, NULL, NULL, 0, 30, 20.55, 23, 483.52, 517.71, 100, 100, 34, 0, NULL, 15.3, 27, 0, NULL, 100, 1, 1, 1),
(1300, NULL, '2019-03-21 09:15:00', 20.4, 22.9, 770, 388, 0, 0, 0, NULL, NULL, NULL, 0, 30, 20.55, 23, 483.52, 506.47, 100, 100, 71, 0, NULL, 15.3, 26, 0, NULL, 100, 1, 1, 1),
(1301, NULL, '2019-03-21 09:17:00', 20.4, 22.9, 770, 387, 0, 0, 0, NULL, NULL, NULL, 0, 30, 20.55, 23, 483.52, 506.47, 100, 100, 53, 0, NULL, 15.3, 27, 0, NULL, 100, 1, 1, 1),
(1302, NULL, '2019-03-21 09:19:00', 20.4, 22.9, 770, 386, 0, 0, 0, NULL, NULL, NULL, 0, 30, 20.55, 23, 483.52, 506.47, 100, 100, 69, 0, NULL, 15.3, 28, 0, NULL, 100, 1, 1, 1),
(1303, NULL, '2019-03-21 09:21:00', 20.4, 22.9, 770, 386, 0, 0, 0, NULL, NULL, NULL, 0, 30, 20.55, 23, 483.52, 506.47, 100, 100, 45, 0, NULL, 15.3, 27, 0, NULL, 100, 1, 1, 1),
(1304, NULL, '2019-03-21 09:23:00', 20.4, 22.9, 772, 387, 0, 0, 0, NULL, NULL, NULL, 0, 30, 20.55, 23, 483.52, 506.47, 100, 100, 40, 0, NULL, 15.3, 23, 0, NULL, 100, 1, 1, 1),
(1305, NULL, '2019-03-21 09:25:00', 20.4, 22.9, 771, 387, 0, 0, 0, NULL, NULL, NULL, 0, 30, 20.55, 23, 483.52, 495.73, 100, 100, 39, 0, NULL, 15.3, 19, 0, NULL, 100, 1, 1, 1),
(1306, NULL, '2019-03-21 09:27:00', 20.4, 22.9, 770, 386, 0, 0, 0, NULL, NULL, NULL, 0, 30, 20.55, 23, 483.52, 495.73, 100, 100, 33, 0, NULL, 15.3, 18, 0, NULL, 100, 1, 1, 1),
(1307, NULL, '2019-03-21 09:29:00', 20.4, 22.9, 774, 388, 0, 0, 0, NULL, NULL, NULL, 0, 30, 20.55, 23, 483.52, 495.73, 100, 100, 69, 0, NULL, 15.3, 19, 0, NULL, 100, 1, 1, 1),
(1308, NULL, '2019-03-21 09:31:00', 20.4, 22.9, 773, 387, 0, 0, 0, NULL, NULL, NULL, 0, 30, 20.55, 23, 483.52, 495.73, 100, 100, 61, 0, NULL, 15.3, 27, 0, NULL, 100, 1, 1, 1),
(1309, NULL, '2019-03-21 09:33:00', 20.4, 22.9, 771, 387, 0, 0, 0, NULL, NULL, NULL, 0, 30, 20.55, 23, 483.52, 495.73, 100, 100, 67, 0, NULL, 15.3, 31, 0, NULL, 100, 1, 1, 1),
(1310, NULL, '2019-03-21 09:35:00', 20.4, 22.9, 770, 388, 0, 0, 0, NULL, NULL, NULL, 0, 30, 20.55, 23, 483.52, 495.73, 100, 100, 53, 0, NULL, 15.3, 25, 0, NULL, 100, 1, 1, 1),
(1311, NULL, '2019-03-21 09:37:00', 20.4, 22.9, 773, 387, 0, 0, 0, NULL, NULL, NULL, 0, 30, 20.55, 23, 483.52, 495.73, 100, 100, 47, 0, NULL, 15.3, 31, 0, NULL, 100, 1, 1, 1),
(1312, NULL, '2019-03-21 09:39:00', 20.4, 23, 773, 386, 0, 0, 0, NULL, NULL, NULL, 0, 30, 20.55, 23, 483.52, 495.73, 100, 100, 30, 0, NULL, 15.3, 29, 0, NULL, 100, 1, 1, 1),
(1313, NULL, '2019-03-21 09:41:00', 20.3, 23, 772, 387, 0, 0, 0, NULL, NULL, NULL, 0, 30, 20.55, 23, 483.52, 495.73, 100, 100, 35, 0, NULL, 15.3, 30, 0, NULL, 100, 1, 1, 1),
(1314, NULL, '2019-03-21 09:43:00', 20.3, 23, 772, 386, 0, 0, 0, NULL, NULL, NULL, 0, 30, 20.55, 23, 483.52, 495.73, 100, 100, 42, 0, NULL, 15.3, 17, 0, NULL, 100, 1, 1, 1),
(1315, NULL, '2019-03-21 09:45:00', 20.3, 23, 773, 387, 0, 0, 0, NULL, NULL, NULL, 0, 30, 20.55, 23, 483.52, 483.52, 100, 100, 55, 0, NULL, 15.3, 24, 0, NULL, 100, 1, 1, 1),
(1316, NULL, '2019-03-21 09:47:00', 20.4, 23, 774, 387, 0, 0, 0, NULL, NULL, NULL, 0, 30, 20.55, 23, 483.52, 483.52, 100, 100, 47, 0, NULL, 15.3, 26, 0, NULL, 100, 1, 1, 1),
(1317, NULL, '2019-03-21 09:49:00', 20.4, 23, 773, 386, 0, 0, 0, NULL, NULL, NULL, 0, 30, 20.55, 23, 483.52, 483.52, 100, 100, 32, 0, NULL, 15.3, 25, 0, NULL, 100, 1, 1, 1),
(1318, NULL, '2019-03-21 09:51:00', 20.3, 23, 771, 387, 0, 0, 0, NULL, NULL, NULL, 0, 30, 20.55, 23, 484.49, 483.52, 100, 100, 50, 0, NULL, 15.3, 24, 0, NULL, 100, 1, 1, 1),
(1319, NULL, '2019-03-21 09:53:00', 20.3, 23, 775, 388, 0, 0, 0, NULL, NULL, NULL, 0, 30, 20.55, 23, 478.63, 483.52, 100, 100, 41, 0, NULL, 15.3, 17, 0, NULL, 100, 1, 1, 1),
(1320, NULL, '2019-03-21 09:55:00', 20.3, 23, 775, 388, 0, 0, 0, NULL, NULL, NULL, 0, 30, 20.55, 23, 478.63, 483.52, 100, 100, 44, 0, NULL, 15.3, 19, 0, NULL, 100, 1, 1, 1),
(1321, NULL, '2019-03-21 09:57:00', 20.3, 23, 772, 388, 0, 0, 0, NULL, NULL, NULL, 0, 30, 20.55, 23, 478.63, 483.52, 100, 100, 49, 0, NULL, 15.3, 24, 0, NULL, 100, 1, 1, 1),
(1322, NULL, '2019-03-21 09:59:00', 20.3, 23, 773, 388, 0, 0, 0, NULL, NULL, NULL, 0, 30, 20.55, 23, 478.63, 483.52, 100, 100, 54, 0, NULL, 15.3, 34, 0, NULL, 100, 1, 1, 1),
(1323, NULL, '2019-03-21 10:01:00', 20.3, 23, 774, 387, 0, 0, 0, NULL, NULL, NULL, 0, 30, 20.55, 23, 478.63, 483.52, 100, 100, 50, 0, NULL, 15.3, 32, 0, NULL, 100, 1, 1, 1),
(1324, NULL, '2019-03-21 10:03:00', 20.3, 23, 778, 387, 0, 0, 0, NULL, NULL, NULL, 0, 30, 20.55, 23, 478.63, 483.52, 100, 100, 50, 0, NULL, 15.3, 29, 0, NULL, 100, 1, 1, 1),
(1325, NULL, '2019-03-21 10:05:00', 20.3, 23, 774, 387, 0, 0, 0, NULL, NULL, NULL, 0, 30, 20.55, 23, 478.63, 483.52, 100, 100, 49, 0, NULL, 15.3, 22, 0, NULL, 100, 1, 1, 1),
(1326, NULL, '2019-03-21 10:07:00', 20.3, 23, 776, 388, 0, 0, 0, NULL, NULL, NULL, 0, 30, 20.55, 23, 478.63, 483.52, 100, 100, 51, 0, NULL, 15.3, 19, 0, NULL, 100, 1, 1, 1),
(1327, NULL, '2019-03-21 10:09:00', 20.3, 23, 777, 385, 0, 0, 0, NULL, NULL, NULL, 0, 30, 20.55, 23, 478.63, 483.52, 100, 100, 33, 0, NULL, 15.3, 33, 0, NULL, 100, 1, 1, 1),
(1328, NULL, '2019-03-21 10:11:00', 20.3, 23, 776, 387, 0, 0, 0, NULL, NULL, NULL, 0, 30, 20.55, 23, 478.63, 483.52, 100, 100, 42, 0, NULL, 15.3, 23, 0, NULL, 100, 1, 1, 1),
(1329, NULL, '2019-03-21 10:13:00', 20.3, 23, 775, 387, 0, 0, 0, NULL, NULL, NULL, 0, 30, 20.55, 23, 478.63, 483.52, 100, 100, 41, 0, NULL, 15.3, 22, 0, NULL, 100, 1, 1, 1),
(1330, NULL, '2019-03-21 10:15:00', 20.3, 23.1, 775, 387, 0, 0, 0, NULL, NULL, NULL, 0, 30, 20.55, 23, 478.63, 483.52, 100, 100, 42, 0, NULL, 15.3, 20, 0, NULL, 100, 1, 1, 1),
(1331, NULL, '2019-03-21 10:17:00', 20.3, 23.1, 776, 386, 0, 0, 0, NULL, NULL, NULL, 0, 30, 20.55, 23, 478.63, 483.52, 100, 100, 64, 0, NULL, 15.3, 30, 0, NULL, 100, 1, 1, 1),
(1332, NULL, '2019-03-21 10:19:00', 20.3, 23.1, 779, 387, 0, 0, 0, NULL, NULL, NULL, 0, 30, 20.55, 23, 478.63, 483.52, 100, 100, 45, 0, NULL, 15.3, 27, 0, NULL, 100, 1, 1, 1),
(1333, NULL, '2019-03-21 10:21:00', 20.3, 23, 774, 387, 0, 0, 0, NULL, NULL, NULL, 0, 30, 20.55, 23, 478.63, 483.52, 100, 100, 29, 0, NULL, 15.3, 21, 0, NULL, 100, 1, 1, 1),
(1334, NULL, '2019-03-21 10:23:00', 20.3, 23, 777, 388, 0, 0, 0, NULL, NULL, NULL, 0, 30, 20.55, 23, 478.63, 483.52, 100, 100, 31, 0, NULL, 15.3, 26, 0, NULL, 100, 1, 1, 1),
(1335, NULL, '2019-03-21 10:25:00', 20.3, 23.1, 780, 388, 0, 0, 0, NULL, NULL, NULL, 0, 30, 20.55, 23, 478.63, 483.52, 100, 100, 36, 0, NULL, 15.3, 29, 0, NULL, 100, 1, 1, 1),
(1336, NULL, '2019-03-21 10:27:00', 20.3, 23.1, 779, 388, 0, 0, 0, NULL, NULL, NULL, 0, 30, 20.55, 23, 478.63, 483.52, 100, 100, 58, 0, NULL, 15.3, 24, 0, NULL, 100, 1, 1, 1),
(1337, NULL, '2019-03-21 10:29:00', 20.3, 23, 778, 387, 0, 0, 0, NULL, NULL, NULL, 0, 30, 20.55, 23, 468.38, 483.52, 100, 100, 65, 0, NULL, 15.3, 22, 0, NULL, 100, 1, 1, 1),
(1338, NULL, '2019-03-21 10:31:00', 20.3, 23, 777, 387, 0, 0, 0, NULL, NULL, NULL, 0, 30, 20.55, 23, 480.1, 483.52, 100, 100, 75, 0, NULL, 15.3, 0, 0, NULL, 100, 1, 1, 1),
(1339, NULL, '2019-03-21 10:33:00', 20.3, 23.1, 780, 387, 0, 0, 0, NULL, NULL, NULL, 0, 30, 20.55, 23, 480.1, 483.52, 100, 100, 74, 0, NULL, 15.3, 21, 0, NULL, 100, 1, 1, 1),
(1340, NULL, '2019-03-21 10:35:00', 20.3, 23.1, 779, 387, 0, 0, 0, NULL, NULL, NULL, 0, 30, 20.55, 23, 480.1, 483.52, 100, 100, 47, 0, NULL, 15.3, 20, 0, NULL, 100, 1, 1, 1),
(1341, NULL, '2019-03-21 10:37:00', 20.3, 23.1, 777, 387, 0, 0, 0, NULL, NULL, NULL, 0, 30, 20.55, 23, 480.1, 483.52, 100, 100, 37, 0, NULL, 15.3, 26, 0, NULL, 100, 1, 1, 1),
(1342, NULL, '2019-03-21 10:39:00', 20.3, 23.1, 780, 387, 0, 0, 0, NULL, NULL, NULL, 0, 30, 20.55, 23, 480.1, 483.52, 100, 100, 54, 0, NULL, 15.3, 32, 0, NULL, 100, 1, 1, 1),
(1343, NULL, '2019-03-21 10:41:00', 20.3, 23.1, 778, 387, 0, 0, 0, NULL, NULL, NULL, 0, 30, 20.55, 23, 480.1, 483.52, 100, 100, 57, 0, NULL, 15.3, 30, 0, NULL, 100, 1, 1, 1),
(1344, NULL, '2019-03-21 10:43:00', 20.3, 23.1, 781, 388, 0, 0, 0, NULL, NULL, NULL, 0, 30, 20.55, 23, 480.1, 483.52, 100, 100, 57, 0, NULL, 15.3, 26, 0, NULL, 100, 1, 1, 1),
(1345, NULL, '2019-03-21 10:45:00', 20.3, 23.1, 778, 389, 0, 0, 0, NULL, NULL, NULL, 0, 30, 20.55, 23, 480.1, 483.52, 100, 100, 45, 0, NULL, 15.3, 21, 0, NULL, 100, 1, 1, 1),
(1346, NULL, '2019-03-21 10:47:00', 20.3, 23.1, 778, 387, 0, 0, 0, NULL, NULL, NULL, 0, 30, 20.55, 23, 480.1, 483.52, 100, 100, 52, 0, NULL, 15.3, 20, 0, NULL, 100, 1, 1, 1),
(1347, NULL, '2019-03-21 10:49:00', 20.3, 23.1, 779, 387, 0, 0, 0, NULL, NULL, NULL, 0, 30, 20.55, 23, 480.1, 483.52, 100, 100, 41, 0, NULL, 15.3, 15, 0, NULL, 100, 1, 1, 1),
(1348, NULL, '2019-03-21 10:51:00', 20.3, 23.1, 780, 386, 0, 0, 0, NULL, NULL, NULL, 0, 30, 20.55, 23, 469.84, 483.52, 100, 100, 29, 0, NULL, 15.3, 0, 0, NULL, 100, 1, 1, 1),
(1349, NULL, '2019-03-21 10:53:00', 20.3, 23.1, 778, 388, 0, 0, 0, NULL, NULL, NULL, 0, 30, 20.55, 23, 469.84, 483.52, 100, 100, 39, 0, NULL, 15.3, 0, 0, NULL, 100, 1, 1, 1),
(1350, NULL, '2019-03-21 10:55:00', 20.3, 23.1, 781, 388, 0, 0, 0, NULL, NULL, NULL, 0, 30, 20.55, 23, 469.84, 483.52, 100, 100, 43, 0, NULL, 15.3, 39, 0, NULL, 100, 1, 1, 1),
(1351, NULL, '2019-03-21 10:57:00', 20.3, 23.1, 782, 389, 0, 0, 0, NULL, NULL, NULL, 0, 30, 20.55, 23, 469.84, 483.52, 100, 100, 45, 0, NULL, 15.3, 29, 0, NULL, 100, 1, 1, 1),
(1352, NULL, '2019-03-21 10:59:00', 20.3, 23.1, 784, 389, 0, 0, 0, NULL, NULL, NULL, 0, 30, 20.55, 23, 469.84, 483.52, 100, 100, 50, 0, NULL, 15.3, 37, 0, NULL, 100, 1, 1, 1),
(1353, NULL, '2019-03-21 11:01:00', 20.3, 23.1, 784, 387, 0, 0, 0, NULL, NULL, NULL, 0, 30, 20.55, 23, 469.84, 483.52, 100, 100, 48, 0, NULL, 15.3, 30, 0, NULL, 100, 1, 1, 1),
(1354, NULL, '2019-03-21 11:03:00', 20.3, 23.1, 785, 386, 0, 0, 0, NULL, NULL, NULL, 0, 30, 20.55, 23, 469.84, 483.52, 100, 100, 40, 0, NULL, 15.3, 53, 0, NULL, 100, 1, 1, 1),
(1355, NULL, '2019-03-21 11:05:00', 20.3, 23.1, 785, 387, 0, 0, 0, NULL, NULL, NULL, 0, 30, 20.55, 23, 469.84, 483.52, 100, 100, 30, 0, NULL, 15.3, 39, 0, NULL, 100, 1, 1, 1),
(1356, NULL, '2019-03-21 11:07:00', 20.3, 23.1, 782, 388, 0, 0, 0, NULL, NULL, NULL, 0, 30, 20.55, 23, 469.84, 483.52, 100, 100, 39, 0, NULL, 15.3, 35, 0, NULL, 100, 1, 1, 1),
(1357, NULL, '2019-03-21 11:09:00', 20.3, 23.1, 782, 387, 0, 0, 0, NULL, NULL, NULL, 0, 30, 20.55, 23, 469.84, 483.52, 100, 100, 44, 0, NULL, 15.3, 36, 0, NULL, 100, 1, 1, 1),
(1358, NULL, '2019-03-21 11:11:00', 20.3, 23.1, 783, 388, 0, 0, 0, NULL, NULL, NULL, 0, 30, 20.55, 23, 469.84, 483.52, 100, 100, 61, 0, NULL, 15.3, 24, 0, NULL, 100, 1, 1, 1),
(1359, NULL, '2019-03-21 11:13:00', 20.3, 23.1, 784, 387, 0, 0, 0, NULL, NULL, NULL, 0, 30, 20.55, 23, 469.84, 483.52, 100, 100, 65, 0, NULL, 15.3, 34, 0, NULL, 100, 1, 1, 1),
(1360, NULL, '2019-03-21 11:15:00', 20.3, 23.1, 785, 387, 0, 0, 0, NULL, NULL, NULL, 0, 30, 20.55, 23, 469.84, 483.52, 100, 100, 68, 0, NULL, 15.3, 36, 0, NULL, 100, 1, 1, 1),
(1361, NULL, '2019-03-21 11:17:00', 20.3, 23.1, 782, 386, 0, 0, 0, NULL, NULL, NULL, 0, 30, 20.55, 23, 469.84, 483.52, 100, 100, 46, 0, NULL, 15.3, 44, 0, NULL, 100, 1, 1, 1),
(1362, NULL, '2019-03-21 11:19:00', 20.3, 23.1, 783, 387, 0, 0, 0, NULL, NULL, NULL, 0, 30, 20.55, 23, 469.84, 483.52, 100, 100, 34, 0, NULL, 15.3, 53, 0, NULL, 100, 1, 1, 1),
(1363, NULL, '2019-03-21 11:21:00', 20.3, 23.2, 784, 387, 0, 0, 0, NULL, NULL, NULL, 0, 30, 20.55, 23, 469.84, 483.52, 100, 100, 67, 0, NULL, 15.3, 36, 0, NULL, 100, 1, 1, 1),
(1364, NULL, '2019-03-21 11:23:00', 20.3, 23.2, 784, 386, 0, 0, 0, NULL, NULL, NULL, 0, 30, 20.55, 23, 469.84, 483.52, 100, 100, 83, 0, NULL, 15.3, 32, 0, NULL, 100, 1, 1, 1),
(1365, NULL, '2019-03-21 11:25:00', 20.4, 23.2, 783, 389, 0, 0, 0, NULL, NULL, NULL, 0, 30, 20.55, 23, 469.84, 483.52, 100, 100, 78, 0, NULL, 15.3, 29, 0, NULL, 100, 1, 1, 1),
(1366, NULL, '2019-03-21 11:27:00', 20.4, 23.1, 782, 388, 0, 0, 0, NULL, NULL, NULL, 0, 30, 20.55, 23, 469.84, 483.52, 100, 100, 61, 0, NULL, 15.3, 31, 0, NULL, 100, 1, 1, 1),
(1367, NULL, '2019-03-21 11:29:00', 20.5, 23.1, 785, 387, 0, 0, 0, NULL, NULL, NULL, 0, 30, 20.55, 23, 469.84, 483.52, 100, 100, 66, 0, NULL, 15.3, 24, 0, NULL, 100, 1, 1, 1),
(1368, NULL, '2019-03-21 11:31:00', 20.6, 23, 784, 389, 0, 0, 0, NULL, NULL, NULL, 0, 30, 20.55, 23, 469.84, 483.52, 100, 100, 50, 0, NULL, 15.3, 17, 0, NULL, 100, 1, 1, 1),
(1369, NULL, '2019-03-21 11:33:00', 20.6, 23, 785, 387, 0, 0, 0, NULL, NULL, NULL, 0, 30, 20.55, 23, 469.84, 483.52, 100, 100, 28, 0, NULL, 15.3, 19, 0, NULL, 100, 1, 1, 1),
(1370, NULL, '2019-03-21 11:35:00', 20.7, 23, 787, 388, 0, 0, 0, NULL, NULL, NULL, 0, 30, 20.55, 23, 469.84, 483.52, 100, 100, 55, 0, NULL, 15.3, 19, 0, NULL, 100, 1, 1, 1),
(1371, NULL, '2019-03-21 11:37:00', 20.7, 22.9, 787, 387, 0, 0, 0, NULL, NULL, NULL, 0, 30, 20.55, 23, 469.84, 483.52, 100, 100, 51, 0, NULL, 15.3, 31, 0, NULL, 100, 1, 1, 1),
(1372, NULL, '2019-03-21 11:39:00', 20.8, 22.9, 787, 387, 0, 0, 0, NULL, NULL, NULL, 0, 30, 20.55, 23, 469.84, 483.52, 100, 100, 45, 0, NULL, 15.3, 27, 0, NULL, 100, 1, 1, 1),
(1373, NULL, '2019-03-21 11:41:00', 20.8, 22.9, 786, 387, 0, 0, 0, NULL, NULL, NULL, 0, 30, 20.55, 23, 469.84, 483.52, 100, 100, 54, 0, NULL, 15.3, 33, 0, NULL, 100, 1, 1, 1),
(1374, NULL, '2019-03-21 11:43:00', 20.8, 22.8, 789, 388, 0, 0, 0, NULL, NULL, NULL, 0, 30, 20.55, 23, 469.84, 483.52, 100, 100, 54, 0, NULL, 15.3, 22, 0, NULL, 100, 1, 1, 1),
(1375, NULL, '2019-03-21 11:45:00', 20.8, 22.8, 789, 389, 0, 0, 0, NULL, NULL, NULL, 0, 30, 20.55, 23, 469.84, 483.52, 100, 100, 49, 0, NULL, 15.3, 21, 0, NULL, 100, 1, 1, 1),
(1376, NULL, '2019-03-21 11:47:00', 20.9, 22.8, 790, 387, 0, 0, 0, NULL, NULL, NULL, 0, 30, 20.55, 23, 469.84, 483.52, 100, 100, 34, 0, NULL, 15.3, 23, 0, NULL, 100, 1, 1, 1),
(1377, NULL, '2019-03-21 11:49:00', 20.9, 22.7, 791, 389, 0, 0, 0, NULL, NULL, NULL, 0, 30, 20.55, 23, 469.84, 483.52, 100, 100, 69, 0, NULL, 15.3, 36, 0, NULL, 100, 1, 1, 1),
(1378, NULL, '2019-03-21 11:51:00', 20.9, 22.7, 789, 388, 0, 0, 0, NULL, NULL, NULL, 0, 30, 20.55, 23, 469.84, 483.52, 100, 100, 50, 0, NULL, 15.3, 28, 0, NULL, 100, 1, 1, 1),
(1379, NULL, '2019-03-21 11:53:00', 21, 22.7, 790, 389, 0, 0, 0, NULL, NULL, NULL, 0, 30, 20.55, 23, 469.84, 483.52, 100, 100, 73, 0, NULL, 15.3, 30, 0, NULL, 100, 1, 1, 1),
(1380, NULL, '2019-03-21 11:55:00', 21, 22.6, 790, 387, 0, 0, 0, NULL, NULL, NULL, 0, 30, 20.55, 22.77, 469.84, 483.52, 100, 100, 59, 0, NULL, 15.3, 36, 0, NULL, 100, 1, 1, 1),
(1381, NULL, '2019-03-21 11:57:00', 21, 22.6, 791, 388, 0, 0, 0, NULL, NULL, NULL, 0, 30, 20.55, 22.96, 469.84, 483.52, 100, 100, 74, 0, NULL, 15.3, 20, 0, NULL, 100, 1, 1, 1),
(1382, NULL, '2019-03-21 11:59:00', 21.1, 22.6, 788, 389, 0, 0, 0, NULL, NULL, NULL, 0, 30, 20.55, 23.16, 469.84, 483.52, 100, 100, 63, 0, NULL, 15.3, 24, 0, NULL, 100, 1, 1, 1),
(1383, NULL, '2019-03-21 12:01:00', 21.1, 22.6, 788, 388, 0, 0, 0, NULL, NULL, NULL, 0, 30, 20.55, 23.16, 469.84, 483.52, 100, 100, 35, 0, NULL, 15.3, 25, 0, NULL, 100, 1, 1, 1),
(1384, NULL, '2019-03-21 12:03:00', 21.1, 22.5, 792, 389, 0, 0, 0, NULL, NULL, NULL, 0, 30, 20.55, 22.98, 469.84, 483.52, 100, 100, 71, 0, NULL, 15.3, 28, 0, NULL, 100, 1, 1, 1),
(1385, NULL, '2019-03-21 12:05:00', 21.2, 22.5, 791, 390, 0, 0, 0, NULL, NULL, NULL, 0, 30, 20.55, 22.93, 469.84, 473.26, 100, 100, 55, 0, NULL, 15.3, 19, 0, NULL, 100, 1, 1, 1),
(1386, NULL, '2019-03-21 12:07:00', 21.2, 22.5, 793, 390, 0, 0, 0, NULL, NULL, NULL, 0, 30, 20.55, 22.93, 469.84, 473.26, 100, 100, 74, 0, NULL, 15.3, 21, 0, NULL, 100, 1, 1, 1),
(1387, NULL, '2019-03-21 12:09:00', 21.2, 22.5, 793, 390, 0, 0, 0, NULL, NULL, NULL, 0, 30, 20.55, 22.93, 469.84, 473.26, 100, 100, 62, 0, NULL, 15.3, 29, 0, NULL, 100, 1, 1, 1),
(1388, NULL, '2019-03-21 12:11:00', 21.3, 22.4, 794, 388, 0, 0, 0, NULL, NULL, NULL, 0, 30, 20.55, 22.93, 469.84, 473.26, 100, 100, 68, 0, NULL, 15.3, 21, 0, NULL, 100, 1, 1, 1),
(1389, NULL, '2019-03-21 12:13:00', 21.3, 22.4, 799, 388, 0, 0, 0, NULL, NULL, NULL, 0, 30, 20.55, 23.19, 469.84, 473.26, 100, 100, 53, 0, NULL, 15.3, 29, 0, NULL, 100, 1, 1, 1),
(1390, NULL, '2019-03-21 12:15:00', 21.3, 22.4, 796, 390, 0, 0, 0, NULL, NULL, NULL, 0, 30, 20.55, 22.95, 469.84, 473.26, 100, 100, 26, 0, NULL, 15.3, 36, 0, NULL, 100, 1, 1, 1),
(1391, NULL, '2019-03-21 12:17:00', 21.4, 22.4, 798, 390, 0, 0, 0, NULL, NULL, NULL, 0, 30, 20.55, 22.81, 469.84, 473.26, 100, 100, 85, 0, NULL, 15.3, 31, 0, NULL, 100, 1, 1, 1),
(1392, NULL, '2019-03-21 12:19:00', 21.4, 22.3, 796, 390, 0, 0, 0, NULL, NULL, NULL, 0, 30, 20.55, 22.99, 469.84, 473.26, 100, 100, 72, 0, NULL, 15.3, 47, 0, NULL, 100, 1, 1, 1),
(1393, NULL, '2019-03-21 12:21:00', 21.4, 22.3, 796, 390, 0, 0, 0, NULL, NULL, NULL, 0, 30, 20.55, 23.12, 469.84, 473.26, 100, 100, 67, 0, NULL, 15.3, 44, 0, NULL, 100, 1, 1, 1),
(1394, NULL, '2019-03-21 12:23:00', 21.4, 22.3, 799, 390, 0, 0, 0, NULL, NULL, NULL, 0, 30, 20.55, 22.97, 469.84, 473.26, 100, 100, 74, 0, NULL, 15.3, 61, 0, NULL, 100, 1, 1, 1),
(1395, NULL, '2019-03-21 12:25:00', 21.5, 22.3, 797, 391, 0, 0, 0, NULL, NULL, NULL, 0, 30, 20.55, 22.88, 469.84, 473.26, 100, 100, 46, 0, NULL, 15.3, 66, 0, NULL, 100, 1, 1, 1),
(1396, NULL, '2019-03-21 12:27:00', 21.5, 22.3, 797, 391, 0, 0, 0, NULL, NULL, NULL, 0, 30, 20.55, 23.09, 469.84, 473.26, 100, 100, 60, 0, NULL, 15.3, 24, 0, NULL, 100, 1, 1, 1),
(1397, NULL, '2019-03-21 12:29:00', 21.5, 22.2, 797, 390, 0, 0, 0, NULL, NULL, NULL, 0, 30, 20.55, 23.07, 469.84, 483.52, 100, 100, 50, 0, NULL, 15.3, 23, 0, NULL, 100, 1, 1, 1),
(1398, NULL, '2019-03-21 12:31:00', 21.5, 22.2, 799, 391, 0, 0, 0, NULL, NULL, NULL, 0, 30, 20.55, 22.86, 469.84, 483.52, 100, 100, 77, 0, NULL, 15.3, 17, 0, NULL, 100, 1, 1, 1),
(1399, NULL, '2019-03-21 12:33:00', 21.5, 22.2, 804, 391, 0, 0, 0, NULL, NULL, NULL, 0, 30, 20.55, 22.86, 469.84, 483.52, 100, 100, 73, 0, NULL, 15.3, 19, 0, NULL, 100, 1, 1, 1),
(1400, NULL, '2019-03-21 12:35:00', 21.6, 22.2, 803, 391, 0, 0, 0, NULL, NULL, NULL, 0, 30, 20.55, 22.97, 469.84, 483.52, 100, 100, 65, 0, NULL, 15.3, 27, 0, NULL, 100, 1, 1, 1),
(1401, NULL, '2019-03-21 12:37:00', 21.6, 22.2, 802, 391, 0, 0, 0, NULL, NULL, NULL, 0, 30, 20.55, 23.14, 469.84, 483.52, 100, 100, 66, 0, NULL, 15.3, 24, 0, NULL, 100, 1, 1, 1),
(1402, NULL, '2019-03-21 12:39:00', 21.6, 22.2, 801, 392, 0, 0, 0, NULL, NULL, NULL, 0, 30, 20.55, 22.88, 469.84, 483.52, 100, 100, 80, 0, NULL, 15.3, 18, 0, NULL, 100, 1, 1, 1),
(1403, NULL, '2019-03-21 12:41:00', 21.6, 22.2, 803, 392, 0, 0, 0, NULL, NULL, NULL, 0, 30, 20.55, 23.02, 469.84, 483.52, 100, 100, 46, 0, NULL, 15.3, 14, 0, NULL, 100, 1, 1, 1),
(1404, NULL, '2019-03-21 12:43:00', 21.6, 22.1, 802, 393, 0, 0, 0, NULL, NULL, NULL, 0, 30, 20.55, 23.09, 469.84, 483.52, 100, 100, 47, 0, NULL, 15.3, 33, 0, NULL, 100, 1, 1, 1),
(1405, NULL, '2019-03-21 12:45:00', 21.7, 22.1, 802, 392, 0, 0, 0, NULL, NULL, NULL, 0, 30, 20.55, 23.09, 469.84, 483.52, 100, 100, 55, 0, NULL, 15.3, 49, 0, NULL, 100, 1, 1, 1),
(1406, NULL, '2019-03-21 12:47:00', 21.7, 22.1, 804, 392, 0, 0, 0, NULL, NULL, NULL, 0, 30, 20.55, 23.09, 469.84, 473.26, 100, 100, 74, 0, NULL, 15.3, 28, 0, NULL, 100, 1, 1, 1),
(1407, NULL, '2019-03-21 12:49:00', 21.7, 22.1, 807, 392, 0, 0, 0, NULL, NULL, NULL, 0, 30, 20.55, 23.09, 469.84, 473.26, 100, 100, 66, 0, NULL, 15.3, 24, 0, NULL, 100, 1, 1, 1),
(1408, NULL, '2019-03-21 12:51:00', 21.7, 22.1, 808, 392, 0, 0, 0, NULL, NULL, NULL, 0, 30, 20.55, 23.09, 469.84, 473.26, 100, 100, 63, 0, NULL, 15.3, 23, 0, NULL, 100, 1, 1, 1),
(1409, NULL, '2019-03-21 12:53:00', 21.7, 22.1, 807, 393, 0, 0, 0, NULL, NULL, NULL, 0, 30, 20.55, 22.93, 469.84, 473.26, 100, 100, 67, 0, NULL, 15.3, 22, 0, NULL, 100, 1, 1, 1),
(1410, NULL, '2019-03-21 12:55:00', 21.7, 22.1, 804, 392, 0, 0, 0, NULL, NULL, NULL, 0, 30, 20.55, 23.16, 469.84, 473.26, 100, 100, 62, 0, NULL, 15.3, 22, 0, NULL, 100, 1, 1, 1),
(1411, NULL, '2019-03-21 12:57:00', 21.8, 22, 805, 392, 0, 0, 0, NULL, NULL, NULL, 0, 30, 20.55, 23.26, 469.84, 473.26, 100, 100, 45, 0, NULL, 15.3, 25, 0, NULL, 100, 1, 1, 1),
(1412, NULL, '2019-03-21 12:59:00', 21.8, 22, 806, 394, 0, 0, 0, NULL, NULL, NULL, 0, 30, 20.55, 23.06, 469.84, 473.26, 100, 100, 61, 0, NULL, 15.3, 32, 0, NULL, 100, 1, 1, 1),
(1413, NULL, '2019-03-21 13:01:00', 21.8, 22, 807, 393, 0, 0, 0, NULL, NULL, NULL, 0, 30, 20.55, 23, 469.84, 473.26, 100, 100, 57, 0, NULL, 15.3, 24, 0, NULL, 100, 1, 1, 1),
(1414, NULL, '2019-03-21 13:03:00', 21.8, 22, 807, 393, 0, 0, 0, NULL, NULL, NULL, 0, 30, 20.55, 23, 469.84, 473.26, 100, 100, 51, 0, NULL, 15.3, 25, 0, NULL, 100, 1, 1, 1),
(1415, NULL, '2019-03-21 13:05:00', 21.8, 22, 809, 394, 0, 0, 0, NULL, NULL, NULL, 0, 30, 20.55, 23, 469.84, 473.26, 100, 100, 63, 0, NULL, 15.3, 41, 0, NULL, 100, 1, 1, 1),
(1416, NULL, '2019-03-21 13:07:00', 21.9, 22, 806, 393, 0, 0, 0, NULL, NULL, NULL, 0, 30, 20.55, 23, 469.84, 473.26, 100, 100, 62, 0, NULL, 15.3, 38, 0, NULL, 100, 1, 1, 1),
(1417, NULL, '2019-03-21 13:09:00', 21.9, 22, 809, 394, 0, 0, 0, NULL, NULL, NULL, 0, 30, 20.55, 23, 469.84, 473.26, 100, 100, 49, 0, NULL, 15.3, 18, 0, NULL, 100, 1, 1, 1),
(1418, NULL, '2019-03-21 13:11:00', 21.9, 21.9, 812, 394, 0, 0, 0, NULL, NULL, NULL, 0, 30, 20.55, 23, 469.84, 473.26, 100, 100, 45, 0, NULL, 15.3, 19, 0, NULL, 100, 1, 1, 1),
(1419, NULL, '2019-03-21 13:13:00', 21.9, 21.9, 810, 395, 0, 0, 0, NULL, NULL, NULL, 0, 30, 20.55, 23, 469.84, 473.26, 100, 100, 68, 0, NULL, 15.3, 19, 0, NULL, 100, 1, 1, 1),
(1420, NULL, '2019-03-21 13:15:00', 21.9, 21.9, 809, 394, 0, 0, 0, NULL, NULL, NULL, 0, 30, 20.55, 23, 469.84, 473.26, 100, 100, 61, 0, NULL, 15.3, 21, 0, NULL, 100, 1, 1, 1),
(1421, NULL, '2019-03-21 13:17:00', 21.9, 21.9, 814, 394, 0, 0, 0, NULL, NULL, NULL, 0, 30, 20.55, 23, 469.84, 473.26, 100, 100, 45, 0, NULL, 15.3, 23, 0, NULL, 100, 1, 1, 1),
(1422, NULL, '2019-03-21 13:19:00', 22, 21.9, 811, 394, 0, 0, 0, NULL, NULL, NULL, 0, 30, 20.55, 23, 469.84, 473.26, 100, 100, 60, 0, NULL, 15.3, 19, 0, NULL, 100, 1, 1, 1),
(1423, NULL, '2019-03-21 13:21:00', 22, 21.9, 812, 394, 0, 0, 0, NULL, NULL, NULL, 0, 30, 20.55, 23, 469.84, 473.26, 100, 100, 81, 0, NULL, 15.3, 11, 0, NULL, 100, 1, 1, 1),
(1424, NULL, '2019-03-21 13:23:00', 22, 21.9, 811, 394, 0, 0, 0, NULL, NULL, NULL, 0, 30, 20.55, 23, 469.84, 473.26, 100, 100, 65, 0, NULL, 15.3, 10, 0, NULL, 100, 1, 1, 1),
(1425, NULL, '2019-03-21 13:25:00', 22, 21.9, 814, 394, 0, 0, 0, NULL, NULL, NULL, 0, 30, 20.55, 23, 469.84, 473.26, 100, 100, 43, 0, NULL, 15.3, 17, 0, NULL, 100, 1, 1, 1),
(1426, NULL, '2019-03-21 13:27:00', 22, 21.9, 812, 394, 0, 0, 0, NULL, NULL, NULL, 0, 30, 20.55, 23, 458.12, 473.26, 100, 100, 83, 0, NULL, 15.3, 31, 0, NULL, 100, 1, 1, 1),
(1427, NULL, '2019-03-21 13:29:00', 22.1, 21.9, 814, 394, 0, 0, 0, NULL, NULL, NULL, 0, 30, 20.55, 23, 468.87, 473.26, 100, 100, 86, 0, NULL, 15.3, 18, 0, NULL, 100, 1, 1, 1),
(1428, NULL, '2019-03-21 13:31:00', 22.1, 21.8, 816, 395, 0, 0, 0, NULL, NULL, NULL, 0, 30, 20.55, 23, 468.87, 473.26, 100, 100, 63, 0, NULL, 15.3, 18, 0, NULL, 100, 1, 1, 1),
(1429, NULL, '2019-03-21 13:33:00', 22.1, 21.8, 814, 394, 0, 0, 0, NULL, NULL, NULL, 0, 30, 20.55, 23, 468.87, 473.26, 100, 100, 43, 0, NULL, 15.3, 24, 0, NULL, 100, 1, 1, 1),
(1430, NULL, '2019-03-21 13:35:00', 22.1, 21.8, 815, 395, 0, 0, 0, NULL, NULL, NULL, 0, 30, 20.55, 23, 468.87, 473.26, 100, 100, 45, 0, NULL, 15.3, 20, 0, NULL, 100, 1, 1, 1),
(1431, NULL, '2019-03-21 13:37:00', 22.1, 21.8, 816, 394, 0, 0, 0, NULL, NULL, NULL, 0, 30, 20.55, 23, 468.87, 473.26, 100, 100, 34, 0, NULL, 15.3, 21, 0, NULL, 100, 1, 1, 1),
(1432, NULL, '2019-03-21 13:39:00', 22.1, 21.8, 816, 395, 0, 0, 0, NULL, NULL, NULL, 0, 30, 20.55, 23, 468.87, 473.26, 100, 100, 29, 0, NULL, 15.3, 24, 0, NULL, 100, 1, 1, 1),
(1433, NULL, '2019-03-21 13:41:00', 22.2, 21.8, 817, 394, 0, 0, 0, NULL, NULL, NULL, 0, 30, 20.55, 23, 468.87, 473.26, 100, 100, 39, 0, NULL, 15.3, 29, 0, NULL, 100, 1, 1, 1),
(1434, NULL, '2019-03-21 13:43:00', 22.2, 21.8, 816, 395, 0, 0, 0, NULL, NULL, NULL, 0, 30, 20.55, 23, 468.87, 473.26, 100, 100, 43, 0, NULL, 15.3, 23, 0, NULL, 100, 1, 1, 1),
(1435, NULL, '2019-03-21 13:45:00', 22.2, 21.8, 815, 396, 0, 0, 0, NULL, NULL, NULL, 0, 30, 20.55, 22.86, 468.87, 473.26, 100, 100, 55, 0, NULL, 15.3, 38, 0, NULL, 100, 1, 1, 1),
(1436, NULL, '2019-03-21 13:47:00', 22.2, 21.8, 819, 395, 0, 0, 0, NULL, NULL, NULL, 0, 30, 20.55, 22.78, 468.87, 473.26, 100, 100, 59, 0, NULL, 15.3, 43, 0, NULL, 100, 1, 1, 1),
(1437, NULL, '2019-03-21 13:49:00', 22.2, 21.8, 818, 394, 0, 0, 0, NULL, NULL, NULL, 0, 30, 20.55, 23.21, 468.87, 473.26, 100, 100, 65, 0, NULL, 15.3, 27, 0, NULL, 100, 1, 1, 1),
(1438, NULL, '2019-03-21 13:51:00', 22.2, 21.8, 819, 397, 0, 0, 0, NULL, NULL, NULL, 0, 30, 20.55, 23.02, 468.87, 473.26, 100, 100, 47, 0, NULL, 15.3, 23, 0, NULL, 100, 1, 1, 1),
(1439, NULL, '2019-03-21 13:53:00', 22.3, 21.8, 820, 394, 0, 0, 0, NULL, NULL, NULL, 0, 30, 20.55, 22.77, 468.87, 473.26, 100, 100, 31, 0, NULL, 15.3, 35, 0, NULL, 100, 1, 1, 1),
(1440, NULL, '2019-03-21 13:55:00', 22.3, 21.7, 823, 395, 0, 0, 0, NULL, NULL, NULL, 0, 30, 20.55, 23.02, 468.87, 473.26, 100, 100, 73, 0, NULL, 15.3, 47, 0, NULL, 100, 1, 1, 1),
(1441, NULL, '2019-03-21 13:57:00', 22.3, 21.7, 823, 394, 0, 0, 0, NULL, NULL, NULL, 0, 30, 20.55, 23.12, 468.87, 473.26, 100, 100, 44, 0, NULL, 15.3, 81, 0, NULL, 100, 1, 1, 1),
(1442, NULL, '2019-03-21 13:59:00', 22.3, 21.7, 823, 395, 0, 0, 0, NULL, NULL, NULL, 0, 30, 20.55, 22.93, 468.87, 473.26, 100, 100, 41, 0, NULL, 15.3, 45, 0, NULL, 100, 1, 1, 1),
(1443, NULL, '2019-03-21 14:01:00', 22.3, 21.7, 825, 395, 0, 0, 0, NULL, NULL, NULL, 0, 30, 20.55, 22.9, 468.87, 473.26, 100, 100, 51, 0, NULL, 15.3, 32, 0, NULL, 100, 1, 1, 1),
(1444, NULL, '2019-03-21 14:03:00', 22.4, 21.7, 824, 396, 0, 0, 0, NULL, NULL, NULL, 0, 30, 20.55, 23.05, 468.87, 473.26, 100, 100, 67, 0, NULL, 15.3, 35, 0, NULL, 100, 1, 1, 1),
(1445, NULL, '2019-03-21 14:05:00', 22.4, 21.7, 819, 397, 0, 0, 0, NULL, NULL, NULL, 0, 30, 20.55, 23.05, 468.87, 473.26, 100, 100, 74, 0, NULL, 15.3, 26, 0, NULL, 100, 1, 1, 1),
(1446, NULL, '2019-03-21 14:07:00', 22.4, 21.7, 819, 396, 0, 0, 0, NULL, NULL, NULL, 0, 30, 20.55, 22.92, 468.87, 473.26, 100, 100, 48, 0, NULL, 15.3, 28, 0, NULL, 100, 1, 1, 1),
(1447, NULL, '2019-03-21 14:09:00', 22.4, 21.7, 821, 396, 0, 0, 0, NULL, NULL, NULL, 0, 30, 20.55, 23.02, 468.87, 473.26, 100, 100, 56, 0, NULL, 15.3, 35, 0, NULL, 100, 1, 1, 1),
(1448, NULL, '2019-03-21 14:11:00', 22.4, 21.7, 824, 395, 0, 0, 0, NULL, NULL, NULL, 0, 30, 20.55, 23.05, 468.87, 473.26, 100, 100, 54, 0, NULL, 15.3, 24, 0, NULL, 100, 1, 1, 1),
(1449, NULL, '2019-03-21 14:13:00', 22.3, 21.7, 809, 395, 0, 0, 0, NULL, NULL, NULL, 0, 30, 20.55, 23.05, 468.87, 473.26, 100, 100, 36, 0, NULL, 15.3, 22, 0, NULL, 100, 1, 1, 1),
(1450, NULL, '2019-03-21 14:15:00', 22.3, 22.1, 764, 388, 0, 0, 0, NULL, NULL, NULL, 0, 30, 20.55, 23.05, 468.87, 473.26, 100, 100, 52, 0, NULL, 15.3, 19, 0, NULL, 100, 1, 1, 1);

-- --------------------------------------------------------


--
-- Structure de la table `personne_data`
--

DROP TABLE IF EXISTS `personne_data`;
CREATE TABLE IF NOT EXISTS `personne_data` (
  `personne_id` int(11) NOT NULL,
  `data_id` int(11) NOT NULL,
  PRIMARY KEY (`personne_id`,`data_id`),
  KEY `IDX_4DBED57FA21BD112` (`personne_id`),
  KEY `IDX_4DBED57F37F5A13C` (`data_id`)
) ENGINE=InnoDB DEFAULT CHARSET=utf8 COLLATE=utf8_unicode_ci;

-- --------------------------------------------------------

--
-- Structure de la table `questionnaire`
--

DROP TABLE IF EXISTS `questionnaire`;
CREATE TABLE IF NOT EXISTS `questionnaire` (
  `id` int(11) NOT NULL AUTO_INCREMENT,
  `question1` varchar(255) COLLATE utf8_unicode_ci NOT NULL,
  `question2` varchar(255) COLLATE utf8_unicode_ci NOT NULL,
  `question3` varchar(255) COLLATE utf8_unicode_ci NOT NULL,
  `question4` varchar(255) COLLATE utf8_unicode_ci NOT NULL,
  `question5` varchar(255) COLLATE utf8_unicode_ci NOT NULL,
  `question6` varchar(255) COLLATE utf8_unicode_ci NOT NULL,
  `question7` varchar(255) COLLATE utf8_unicode_ci NOT NULL,
  `question8` varchar(255) COLLATE utf8_unicode_ci NOT NULL,
  `question9` varchar(255) COLLATE utf8_unicode_ci NOT NULL,
  `question10` varchar(255) COLLATE utf8_unicode_ci NOT NULL,
  `question11` varchar(255) COLLATE utf8_unicode_ci NOT NULL,
  `question12` varchar(255) COLLATE utf8_unicode_ci NOT NULL,
  `question13` varchar(255) COLLATE utf8_unicode_ci NOT NULL,
  `question14` varchar(255) COLLATE utf8_unicode_ci NOT NULL,
  `question15` varchar(255) COLLATE utf8_unicode_ci NOT NULL,
  `question16` varchar(255) COLLATE utf8_unicode_ci NOT NULL,
  `question17` varchar(255) COLLATE utf8_unicode_ci NOT NULL,
  PRIMARY KEY (`id`)
) ENGINE=InnoDB AUTO_INCREMENT=2 DEFAULT CHARSET=utf8 COLLATE=utf8_unicode_ci;

--
-- Déchargement des données de la table `questionnaire`
--

INSERT INTO `questionnaire` (`id`, `question1`, `question2`, `question3`, `question4`, `question5`, `question6`, `question7`, `question8`, `question9`, `question10`, `question11`, `question12`, `question13`, `question14`, `question15`, `question16`, `question17`) VALUES
(1, 'aaa', 'bb', 'cc', 'dd', 'ee', 'ff', 'gg', 'hh', 'ii', 'jjj', 'kk', 'll', 'mm', 'nn', 'ooo', '', '');

-- --------------------------------------------------------

--
-- Structure de la table `salle`
--

DROP TABLE IF EXISTS `salle`;
CREATE TABLE IF NOT EXISTS `salle` (
  `id` int(11) NOT NULL AUTO_INCREMENT,
  `batiment_id` int(11) NOT NULL,
  `etage_id` int(11) NOT NULL,
  `nom_salle` varchar(255) COLLATE utf8_unicode_ci NOT NULL,
  PRIMARY KEY (`id`),
  KEY `IDX_4E977E5CD6F6891B` (`batiment_id`),
  KEY `IDX_4E977E5C984CE93F` (`etage_id`)
) ENGINE=InnoDB AUTO_INCREMENT=3 DEFAULT CHARSET=utf8 COLLATE=utf8_unicode_ci;

--
-- Déchargement des données de la table `salle`
--

INSERT INTO `salle` (`id`, `batiment_id`, `etage_id`, `nom_salle`) VALUES
(1, 1, 1, 'salle réunion'),
(2, 1, 1, 'salle TP');

-- --------------------------------------------------------

--
-- Structure de la table `seuil`
--

DROP TABLE IF EXISTS `seuil`;
CREATE TABLE IF NOT EXISTS `seuil` (
  `id` int(11) NOT NULL AUTO_INCREMENT,
  `niveau` int(11) NOT NULL,
#   `alerte_id` int(11) NOT NULL,
  PRIMARY KEY (`id`)
#   FOREIGN KEY (alerte_id) REFERENCES alerte(id)

);

-- --------------------------------------------------------

--
-- Structure de la table `type`
--

DROP TABLE IF EXISTS `type`;
CREATE TABLE IF NOT EXISTS `type` (
  `id` int(11) NOT NULL AUTO_INCREMENT,
  `nom` varchar(255) COLLATE utf8_unicode_ci NOT NULL,
  `unite` varchar(255) COLLATE utf8_unicode_ci NOT NULL,
  PRIMARY KEY (`id`)
) ENGINE=InnoDB DEFAULT CHARSET=utf8 COLLATE=utf8_unicode_ci;


